time_s,resp
0.0000,20.5064
0.2500,16.3555
0.5000,9.1067
0.7500,3.8571
1.0000,2.1174
1.2500,1.2094
1.5000,5.1466
1.7500,12.2428
2.0000,17.1949
2.2500,20.4835
2.5000,22.0401
2.7500,22.5361
3.0000,23.3906
3.2500,24.0850
3.5000,22.9099
3.7500,13.8223
4.0000,4.7880
4.2500,-1.8580
4.5000,-6.6651
4.7500,-9.2365
5.0000,-9.8621
5.2500,-11.7392
5.5000,-14.6769
5.7500,-6.1386
6.0000,3.1170
6.2500,8.9694
6.5000,13.1737
6.7500,16.1037
7.0000,18.0952
7.2500,18.9880
7.5000,14.2038
7.7500,6.4972
8.0000,0.0114
8.2500,-3.9258
8.5000,-3.1170
8.7500,4.7117
9.0000,10.9685
9.2500,15.2720
9.5000,18.0189
9.7500,19.4916
10.0000,20.1401
10.2500,20.6743
10.5000,19.4763
10.7500,20.8040
11.0000,15.3483
11.2500,6.6651
11.5000,0.8889
11.7500,-3.0483
12.0000,-6.4819
12.2500,-4.7041
12.5000,3.8876
12.7500,10.2513
13.0000,14.5319
13.2500,17.2712
13.5000,18.7514
13.7500,19.4763
14.0000,19.6365
14.2500,17.9731
14.5000,19.4763
14.7500,17.0957
15.0000,8.4887
15.2500,1.8122
15.5000,-3.0025
15.7500,-5.7036
16.0000,-3.0178
16.2500,5.3832
16.5000,11.6476
16.7500,15.7756
17.0000,18.4081
17.2500,19.9494
17.5000,20.7048
17.7500,20.3080
18.0000,19.0261
18.2500,15.0736
18.5000,8.3285
18.7500,2.5676
19.0000,-1.5833
19.2500,-3.1780
19.5000,4.6201
19.7500,11.5484
20.0000,16.0808
20.2500,18.4844
20.5000,20.0715
20.7500,21.2847
21.0000,21.5136
21.2500,19.3619
21.5000,16.8286
21.7500,14.4556
22.0000,8.6947
22.2500,2.7660
22.5000,-1.8656
22.7500,-4.3683
23.0000,2.3692
23.2500,10.3581
23.5000,15.5467
23.7500,18.4310
24.0000,20.4759
24.2500,21.8035
24.5000,22.1545
24.7500,19.8883
25.0000,19.2245
25.2500,15.7909
25.5000,10.0529
25.7500,4.2386
26.0000,-0.3548
26.2500,-3.1933
26.5000,4.2539
26.7500,11.9223
27.0000,16.6607
27.2500,19.4382
27.5000,20.6209
27.7500,19.1635
28.0000,19.7891
28.2500,21.1473
28.5000,20.7582
28.7500,17.1414
29.0000,10.9151
29.2500,4.5591
29.5000,-0.7440
29.7500,-4.5744
30.0000,-2.9491
30.2500,6.3141
30.5000,12.7922
30.7500,16.6913
31.0000,18.7896
31.2500,20.1020
31.5000,21.1016
31.7500,19.9570
32.0000,16.6684
32.2500,11.4035
32.5000,4.4370
32.7500,-1.4536
33.0000,-6.2912
33.2500,-8.6413
33.5000,-0.0877
33.7500,8.3056
34.0000,13.6391
34.2500,16.7447
34.5000,17.9960
34.7500,19.1635
35.0000,20.6819
35.2500,20.5522
35.5000,16.9812
35.7500,10.1521
36.0000,4.6888
36.2500,1.4536
36.5000,-0.7134
36.7500,-1.7893
37.0000,3.0559
37.2500,10.6328
37.5000,15.8061
37.7500,19.0795
38.0000,21.1092
38.2500,21.9790
38.5000,21.2771
38.7500,22.3224
39.0000,19.8349
39.2500,11.4645
39.5000,3.6511
39.7500,-1.9038
40.0000,-5.7876
40.2500,-6.3446
40.5000,2.4302
40.7500,9.7782
41.0000,14.3030
41.2500,16.9202
41.5000,18.3775
41.7500,18.4844
42.0000,16.5005
42.2500,13.5705
42.5000,8.5803
42.7500,4.0173
43.0000,-0.4922
43.2500,-4.0479
43.5000,-2.3539
43.7500,6.4056
44.0000,12.7006
44.2500,16.4242
44.5000,18.1486
44.7500,19.5068
45.0000,20.3004
45.2500,19.3466
45.5000,15.9130
45.7500,10.6786
46.0000,6.5811
46.2500,3.6435
46.5000,0.8050
46.7500,-1.6596
47.0000,2.3768
47.2500,10.2131
47.5000,15.4780
47.7500,18.4081
48.0000,20.1096
48.2500,21.2084
48.5000,21.8264
48.7500,21.2465
49.0000,18.0723
49.2500,16.8744
49.5000,10.7625
49.7500,3.6358
50.0000,-1.5757
50.2500,-4.4752
50.5000,-6.0775
50.7500,-1.1941
51.0000,7.4739
51.2500,13.5247
51.5000,16.7294
51.7500,18.4767
52.0000,18.7591
52.2500,18.9880
52.5000,17.5840
52.7500,19.5908
53.0000,20.2775
53.2500,17.7976
53.5000,11.4111
53.7500,4.6125
54.0000,-0.6982
54.2500,-3.8037
54.5000,-3.7503
54.7500,5.1085
55.0000,11.8765
55.2500,15.8290
55.5000,17.7519
55.7500,18.0647
56.0000,17.4772
56.2500,16.1571
56.5000,18.6141
56.7500,17.9579
57.0000,11.7773
57.2500,5.1008
57.5000,0.2022
57.7500,-2.8499
58.0000,-0.2556
58.2500,8.3437
58.5000,14.0970
58.7500,16.8744
59.0000,18.7438
59.2500,18.9193
59.5000,16.9812
59.7500,14.6082
60.0000,13.6468
60.2500,9.6714
60.5000,7.0160
60.7500,4.5820
61.0000,1.6901
61.2500,2.1403
61.5000,10.4192
61.7500,16.1877
62.0000,18.7438
62.2500,19.4992
62.5000,19.7663
62.7500,21.1397
63.0000,16.6913
63.2500,9.4806
63.5000,3.7427
63.7500,-0.4311
64.0000,0.7745
64.2500,8.8397
64.5000,14.3335
64.7500,17.0499
65.0000,18.6217
65.2500,18.9040
65.5000,17.8053
65.7500,15.3102
66.0000,13.5171
66.2500,10.1979
66.5000,5.8486
66.7500,2.1937
67.0000,-0.8050
67.2500,3.8418
67.5000,11.6247
67.7500,16.1724
68.0000,18.1334
68.2500,18.2021
68.5000,16.8286
68.7500,18.8506
69.0000,17.8434
69.2500,11.9986
69.5000,6.3217
69.7500,2.0182
70.0000,-0.4616
70.2500,4.0326
70.5000,11.4416
70.7500,16.0808
71.0000,18.2555
71.2500,19.5984
71.5000,19.7434
71.7500,18.8811
72.0000,16.1190
72.2500,10.9838
72.5000,4.8185
72.7500,-0.2022
73.0000,-3.7579
73.2500,-6.6116
73.5000,-2.8804
73.7500,6.3598
74.0000,12.3115
74.2500,15.2186
74.5000,17.0270
74.7500,17.2940
75.0000,15.9664
75.2500,6.2530
75.5000,-3.1017
75.7500,-6.2607
76.0000,-5.7952
76.2500,2.7049
76.5000,9.4654
76.7500,13.7612
77.0000,16.7294
77.2500,18.5302
77.5000,17.4238
77.7500,17.8587
78.0000,17.3017
78.2500,10.0529
78.5000,5.0627
78.7500,1.2476
79.0000,-1.0339
79.2500,-2.1708
79.5000,3.8190
79.7500,10.8541
80.0000,15.5467
80.2500,18.6675
80.5000,20.4530
80.7500,21.1244
81.0000,21.3076
81.2500,19.6976
81.5000,15.5849
81.7500,10.0911
82.0000,5.6426
82.2500,1.1484
82.5000,-2.2624
82.7500,-4.2081
83.0000,1.5222
83.2500,9.7019
83.5000,14.9592
83.7500,17.9045
84.0000,19.4687
84.2500,19.8502
84.5000,17.8968
84.7500,17.0880
85.0000,12.9448
85.2500,8.2216
85.5000,3.1170
85.7500,-1.1407
86.0000,-1.6214
86.2500,6.5888
86.5000,13.1432
86.7500,16.9736
87.0000,18.6141
87.2500,19.9189
87.5000,20.2699
87.7500,19.0109
88.0000,16.1419
88.2500,11.3958
88.5000,7.1076
88.7500,2.3463
89.0000,-1.1941
89.2500,-2.8728
89.5000,4.3836
89.7500,11.7621
90.0000,15.9587
90.2500,17.9426
90.5000,18.6446
90.7500,18.0113
91.0000,19.6594
91.2500,19.9646
91.5000,18.3623
91.7500,14.8829
92.0000,10.0376
92.2500,5.0245
92.5000,0.7058
92.7500,-3.1933
93.0000,-5.7265
93.2500,-3.1170
93.5000,6.3598
93.7500,12.6701
94.0000,16.3250
94.2500,17.5153
94.5000,18.2936
94.7500,19.2169
95.0000,19.2779
95.2500,16.8133
95.5000,14.9897
95.7500,14.0512
96.0000,9.8393
96.2500,5.9097
96.5000,1.8122
96.7500,-2.0335
97.0000,-4.1776
97.2500,2.8118
97.5000,10.7396
97.7500,15.3407
98.0000,17.7671
98.2500,17.8282
98.5000,15.6230
98.7500,17.5077
99.0000,18.5225
99.2500,17.7671
99.5000,14.6997
99.7500,11.4874
100.0000,7.8783
100.2500,4.3149
100.5000,0.7821
100.7500,-2.3539
101.0000,-3.1017
101.2500,5.0856
101.5000,12.6167
101.7500,16.4166
102.0000,18.0342
102.2500,19.0795
102.5000,20.0486
102.7500,19.9646
103.0000,17.1643
103.2500,16.4013
103.5000,16.0274
103.7500,9.9156
104.0000,4.1242
104.2500,0.5227
104.5000,-2.1098
104.7500,-3.5824
105.0000,-2.3845
105.2500,6.5811
105.5000,13.9367
105.7500,17.8434
106.0000,19.7434
106.2500,20.5369
106.5000,17.9045
106.7500,12.6701
107.0000,9.4806
107.2500,7.5196
107.5000,5.7571
107.7500,3.5061
108.0000,2.1021
108.2500,9.1907
108.5000,15.7680
108.7500,19.4382
109.0000,21.2618
109.2500,22.1164
109.5000,20.1478
109.7500,18.8811
110.0000,20.1859
110.2500,13.9215
110.5000,6.9245
110.7500,1.0415
111.0000,-3.2238
111.2500,-5.3603
111.5000,-6.2607
111.7500,2.0030
112.0000,10.0376
112.2500,14.8447
112.5000,17.6679
112.7500,19.1024
113.0000,20.1249
113.2500,19.9646
113.5000,15.6993
113.7500,8.3590
114.0000,1.6138
114.2500,-3.6206
114.5000,-7.1915
114.7500,-9.2899
115.0000,-6.3293
115.2500,3.3077
115.5000,10.8388
115.7500,15.0202
116.0000,17.6527
116.2500,18.7285
116.5000,18.1181
116.7500,17.3322
117.0000,19.4153
117.2500,19.8502
117.5000,16.5463
117.7500,8.3513
118.0000,2.1174
118.2500,-0.7134
118.5000,-1.4230
118.7500,-2.3158
119.0000,-2.6592
119.2500,3.0178
119.5000,11.4187
119.7500,16.4471
120.0000,18.8201
120.2500,19.7281
120.5000,20.8269
120.7500,20.6972
121.0000,17.0499
121.2500,9.5951
121.5000,3.8037
121.7500,-0.6142
122.0000,-5.1237
122.2500,-8.0385
122.5000,-4.2920
122.7500,5.6350
123.0000,12.3267
123.2500,16.3326
123.5000,18.8583
123.7500,20.1249
124.0000,18.4386
124.2500,19.1940
124.5000,18.8048
124.7500,12.1360
125.0000,6.1920
125.2500,1.8885
125.5000,-1.3544
125.7500,-4.6125
126.0000,-6.1767
126.2500,2.8652
126.5000,11.1288
126.7500,15.7527
127.0000,18.3852
127.2500,19.8349
127.5000,21.0405
127.7500,20.9871
128.0000,17.5535
128.2500,13.2958
128.5000,6.6345
128.7500,0.9271
129.0000,-4.0250
129.2500,-8.8321
129.5000,-11.4645
129.7500,-3.9563
130.0000,5.2687
130.2500,11.4035
130.5000,15.4475
130.7500,17.7671
131.0000,15.1347
131.2500,9.0762
131.5000,3.1780
131.7500,-1.3773
132.0000,-5.5968
132.2500,-7.6646
132.5000,0.4235
132.7500,5.3908
133.0000,5.6121
133.2500,5.9097
133.5000,8.5040
133.7500,16.0961
134.0000,20.7506
134.2500,23.1083
134.5000,24.0392
134.7500,22.6505
135.0000,12.8074
135.2500,6.8177
135.5000,3.9945
135.7500,1.6367
136.0000,8.1759
136.2500,14.5624
136.5000,18.7056
136.7500,21.2389
137.0000,22.6047
137.2500,21.7349
137.5000,22.8489
137.7500,23.6730
138.0000,20.6819
138.2500,12.1894
138.5000,4.1928
138.7500,-1.0721
139.0000,-4.1165
139.2500,-2.9186
139.5000,5.5129
139.7500,11.8918
140.0000,15.9130
140.2500,18.6522
140.5000,20.0333
140.7500,20.5217
141.0000,20.9947
141.2500,22.4750
141.5000,21.8035
141.7500,13.0440
142.0000,4.2615
142.2500,-2.3311
142.5000,-6.4514
142.7500,-8.8549
143.0000,-10.8159
143.2500,-3.7503
143.5000,5.3832
143.7500,11.2737
144.0000,15.0050
144.2500,16.7294
144.5000,17.6221
144.7500,16.1724
145.0000,9.2365
145.2500,1.2857
145.5000,-5.3374
145.7500,-9.6866
146.0000,-9.1754
146.2500,0.3243
146.5000,7.6188
146.7500,12.5251
147.0000,15.1576
147.2500,16.8210
147.5000,18.4767
147.7500,19.2932
148.0000,17.3856
148.2500,11.0677
148.5000,3.4374
148.7500,-2.8881
149.0000,-7.3060
149.2500,-9.5951
149.5000,-10.1292
149.7500,-3.1856
150.0000,4.9711
150.2500,10.6252
150.5000,14.3488
150.7500,16.5768
151.0000,18.1181
151.2500,19.2398
151.5000,18.1715
151.7500,13.9215
152.0000,6.3293
152.2500,0.1869
152.5000,-4.8872
152.7500,-8.7786
153.0000,-10.8770
153.2500,-4.7575
153.5000,4.1242
153.7500,10.1139
154.0000,13.6391
154.2500,15.8367
154.5000,17.4543
154.7500,18.1563
155.0000,16.1724
155.2500,14.4251
155.5000,11.4492
155.7500,5.6044
156.0000,0.5227
156.2500,-3.3611
156.5000,-5.4595
156.7500,-5.7189
157.0000,1.0415
157.2500,9.2288
157.5000,14.6158
157.7500,17.9960
158.0000,19.8426
158.2500,20.5217
158.5000,18.2936
158.7500,14.0207
159.0000,8.8397
159.2500,3.8266
159.5000,-0.8966
159.7500,-5.0398
160.0000,-5.9936
160.2500,3.2162
160.5000,11.0677
160.7500,15.4323
161.0000,17.5535
161.2500,17.9960
161.5000,19.6747
161.7500,20.5140
162.0000,19.1101
162.2500,16.5158
162.5000,11.8460
162.7500,6.7032
163.0000,2.4455
163.2500,-1.1789
163.5000,-4.7499
163.7500,-5.2611
164.0000,3.5901
164.2500,11.2737
164.5000,15.8672
164.7500,18.1181
165.0000,19.0490
165.2500,20.2927
165.5000,21.4220
165.7500,20.8192
166.0000,13.2424
166.2500,5.8257
166.5000,-0.1030
166.7500,-4.1623
167.0000,-7.1915
167.2500,-1.5604
167.5000,7.2984
167.7500,13.0592
168.0000,16.2334
168.2500,17.9960
168.5000,19.4382
168.7500,20.0638
169.0000,18.3470
169.2500,15.0736
169.5000,10.8617
169.7500,7.5044
170.0000,3.9945
170.2500,0.5379
170.5000,-1.6672
170.7500,2.4455
171.0000,10.7854
171.2500,16.2792
171.5000,19.4610
171.7500,21.2389
172.0000,21.6586
172.2500,19.7586
172.5000,18.1257
172.7500,13.8070
173.0000,9.6103
173.2500,6.5353
173.5000,3.5519
173.7500,1.5833
174.0000,3.3993
174.2500,11.4798
174.5000,17.1643
174.7500,20.2012
175.0000,21.8264
175.2500,22.7115
175.5000,23.0168
175.7500,21.3228
176.0000,18.2326
176.2500,13.4102
176.5000,8.1911
176.7500,3.2696
177.0000,0.0572
177.2500,-1.6901
177.5000,0.3243
177.7500,9.0991
178.0000,15.4246
178.2500,18.9880
178.5000,20.7506
178.7500,21.9790
179.0000,22.6887
179.2500,22.3606
179.5000,20.1478
179.7500,16.2868
180.0000,9.7935
180.2500,3.8571
180.5000,-0.2785
180.7500,-3.3917
181.0000,-5.3145
181.2500,-2.3616
181.5000,7.0695
181.7500,13.9443
182.0000,17.7671
182.2500,19.8349
182.5000,21.2465
182.7500,21.7959
183.0000,20.0333
183.2500,15.5543
183.5000,9.3433
183.7500,4.3989
184.0000,0.5303
184.2500,-2.2319
184.5000,-3.2848
184.7500,4.1471
185.0000,12.5633
185.2500,17.4009
185.5000,19.9799
185.7500,21.0329
186.0000,19.7891
186.2500,17.5306
186.5000,19.4229
186.7500,17.2559
187.0000,11.4035
187.2500,5.3679
187.5000,0.2861
187.7500,-1.7969
188.0000,-1.0797
188.2500,7.7638
188.5000,14.7532
188.7500,18.6446
189.0000,20.3538
189.2500,21.4220
189.5000,21.2771
189.7500,18.8964
190.0000,13.8146
190.2500,9.4654
190.5000,6.7337
190.7500,3.3306
191.0000,-0.0420
191.2500,5.1543
191.5000,12.8608
191.7500,17.6221
192.0000,20.0028
192.2500,20.5751
192.5000,19.8044
192.7500,21.1321
193.0000,20.9261
193.2500,13.0211
193.5000,5.2916
193.7500,-0.0114
194.0000,-3.0941
194.2500,-4.7880
194.5000,-6.1080
194.7500,0.2480
195.0000,8.8549
195.2500,14.2419
195.5000,17.4543
195.7500,18.7667
196.0000,19.7128
196.2500,20.6361
196.5000,19.9494
196.7500,17.7442
197.0000,12.5480
197.2500,5.9020
197.5000,0.4311
197.7500,-4.1776
198.0000,-7.0237
198.2500,-6.6345
198.5000,3.1933
198.7500,10.8693
199.0000,15.2797
199.2500,17.3780
199.5000,18.7743
199.7500,19.7052
200.0000,18.7896
200.2500,13.0440
200.5000,5.7876
200.7500,1.7664
201.0000,-0.6142
201.2500,-2.9720
201.5000,-4.3836
201.7500,2.3997
202.0000,10.5031
202.2500,15.6688
202.5000,18.4767
202.7500,20.0791
203.0000,21.0405
203.2500,20.1096
203.5000,18.6141
203.7500,16.3784
204.0000,14.8905
204.2500,10.1826
204.5000,4.7041
204.7500,-0.5608
205.0000,-4.2920
205.2500,-6.5735
205.5000,-1.3773
205.7500,7.7791
206.0000,13.5934
206.2500,16.7752
206.5000,18.7514
206.7500,19.4153
207.0000,16.3784
207.2500,13.4331
207.5000,8.8778
207.7500,4.1852
208.0000,-0.2861
208.2500,-3.3917
208.5000,1.3849
208.7500,10.1368
209.0000,15.4170
209.2500,18.6065
209.5000,20.0791
209.7500,20.1249
210.0000,19.8120
210.2500,17.8205
210.5000,18.8354
210.7500,14.7532
211.0000,6.1386
211.2500,-0.8737
211.5000,-5.6960
211.7500,-8.7634
212.0000,-9.0228
212.2500,0.6524
212.5000,9.0152
212.7500,14.0512
213.0000,16.9278
213.2500,18.4615
213.5000,18.4004
213.7500,17.5611
214.0000,15.9816
214.2500,14.2190
214.5000,6.6116
214.7500,0.5456
215.0000,-4.0784
215.2500,-5.8028
215.5000,-6.0546
215.7500,-2.2547
216.0000,7.1305
216.2500,13.4484
216.5000,16.7828
216.7500,18.4386
217.0000,19.5145
217.2500,19.7968
217.5000,17.6069
217.7500,12.1589
218.0000,5.5358
218.2500,0.0267
218.5000,-4.2310
218.7500,-7.4968
219.0000,-7.3747
219.2500,2.3082
219.5000,10.4573
219.7500,15.0889
220.0000,17.0651
220.2500,18.1181
220.5000,19.3847
220.7500,19.8349
221.0000,17.0041
221.2500,12.1512
221.5000,8.0995
221.7500,2.9415
222.0000,-2.5142
222.2500,-6.3675
222.5000,-6.5735
222.7500,2.7278
223.0000,10.9914
223.2500,15.5314
223.5000,17.7671
223.7500,19.1329
224.0000,19.2856
224.2500,16.3174
224.5000,17.4924
224.7500,19.2550
225.0000,19.5602
225.2500,16.5692
225.5000,17.4161
225.7500,19.8731
226.0000,20.4377
226.2500,17.1949
226.5000,17.3703
226.7500,19.4153
227.0000,19.6594
227.2500,17.1567
227.5000,10.9914
227.7500,4.8185
228.0000,-0.0343
228.2500,-3.4832
228.5000,-5.9402
228.7500,1.1178
229.0000,9.5798
229.2500,15.2491
229.5000,18.4310
229.7500,19.8273
230.0000,18.5454
230.2500,19.3313
230.5000,20.6056
230.7500,19.8273
231.0000,11.7010
231.2500,3.3993
231.5000,-2.6134
231.7500,-6.5353
232.0000,-9.0839
232.2500,-5.0169
232.5000,5.0245
232.7500,11.6171
233.0000,15.4170
233.2500,17.2177
233.5000,18.4233
233.7500,19.3924
234.0000,18.1792
234.2500,11.1517
234.5000,4.2386
234.7500,-0.6448
235.0000,-4.4065
235.2500,-6.5735
235.5000,0.0954
235.7500,8.6871
236.0000,14.4098
236.2500,17.6985
236.5000,18.9117
236.7500,18.7438
237.0000,20.0104
237.2500,15.4323
237.5000,7.7104
237.7500,7.0695
238.0000,14.2801
238.2500,18.6751
238.5000,20.2699
238.7500,17.5687
239.0000,19.0032
239.2500,20.1859
239.5000,19.0719
239.7500,17.7213
240.0000,16.0198
240.2500,9.8240
240.5000,3.5748
240.7500,-1.4765
241.0000,-4.2081
241.2500,-2.0182
241.5000,7.7638
241.7500,14.6692
242.0000,18.4538
242.2500,19.9799
242.5000,19.9799
242.7500,18.4844
243.0000,20.2775
243.2500,15.9664
243.5000,8.3208
243.7500,1.8961
244.0000,-3.3535
244.2500,-6.6345
244.5000,-3.0330
244.7500,6.3217
245.0000,12.9219
245.2500,16.7370
245.5000,18.9956
245.7500,20.0409
246.0000,16.2411
246.2500,9.2594
246.5000,3.1780
246.7500,-1.3086
247.0000,-4.4675
247.2500,-7.1534
247.5000,-6.2988
247.7500,3.4756
248.0000,10.9075
248.2500,15.2644
248.5000,17.3017
248.7500,17.6145
249.0000,15.9359
249.2500,8.0004
249.5000,2.4379
249.7500,0.3624
250.0000,-0.4464
250.2500,-0.3548
250.5000,4.9254
250.7500,12.1894
251.0000,17.3551
251.2500,19.7128
251.5000,20.9184
251.7500,19.7128
252.0000,20.7506
252.2500,19.4000
252.5000,11.8308
252.7500,5.0245
253.0000,0.0038
253.2500,-3.5137
253.5000,-3.0025
253.7500,6.3064
254.0000,13.0516
254.2500,16.6684
254.5000,18.3775
254.7500,18.5073
255.0000,16.6150
255.2500,15.1805
255.5000,12.2504
255.7500,7.1763
256.0000,2.0106
256.2500,-2.2853
256.5000,-5.3221
256.7500,-2.1403
257.0000,7.1992
257.2500,13.6391
257.5000,17.1262
257.7500,18.7438
258.0000,19.9036
258.2500,20.4606
258.5000,15.1347
258.7500,6.4209
259.0000,-0.5456
259.2500,-5.6044
259.5000,-8.4582
259.7500,-6.9321
260.0000,2.7660
260.2500,10.3734
260.5000,14.7455
260.7500,17.2940
261.0000,18.9422
261.2500,13.7841
261.5000,5.6731
261.7500,-0.1717
262.0000,-1.2704
262.2500,-1.0415
262.5000,5.9249
262.7500,12.3573
263.0000,16.8210
263.2500,19.1635
263.5000,20.3843
263.7500,21.2847
264.0000,21.4754
264.2500,19.3695
264.5000,13.9901
264.7500,5.3298
265.0000,-1.7206
265.2500,-10.2589
265.5000,-14.2267
265.7500,-4.8414
266.0000,2.8881
266.2500,9.1373
266.5000,13.2500
266.7500,15.3941
267.0000,16.2792
267.2500,16.6150
267.5000,9.1144
267.7500,3.1399
268.0000,-0.5608
268.2500,-3.2391
268.5000,2.2013
268.7500,9.3585
269.0000,14.3182
269.2500,17.3475
269.5000,18.7591
269.7500,19.3542
270.0000,19.5068
270.2500,18.6751
270.5000,13.7994
270.7500,6.3980
271.0000,-0.1564
271.2500,-5.1390
271.5000,-7.9851
271.7500,-1.6443
272.0000,6.3370
272.2500,11.8155
272.5000,15.0736
272.7500,17.1720
273.0000,18.6065
273.2500,19.0185
273.5000,17.7137
273.7500,13.2195
274.0000,5.5587
274.2500,-1.9724
274.5000,-7.7257
274.7500,-11.3119
275.0000,-8.8244
275.2500,0.5379
275.5000,7.6036
275.7500,12.1436
276.0000,14.9744
276.2500,16.7752
276.5000,18.1792
276.7500,18.9193
277.0000,17.8663
277.2500,14.9210
277.5000,7.9088
277.7500,1.5909
278.0000,-2.8957
278.2500,-6.2149
278.5000,-8.1835
278.7500,-7.6265
279.0000,1.3773
279.2500,8.7405
279.5000,13.3797
279.7500,15.7604
280.0000,17.3093
280.2500,18.3012
280.5000,17.9197
280.7500,16.0579
281.0000,14.4403
281.2500,8.0690
281.5000,2.8423
281.7500,-0.4693
282.0000,-2.8423
282.2500,-4.7575
282.5000,-0.2861
282.7500,7.9317
283.0000,13.7231
283.2500,16.9507
283.5000,18.7438
283.7500,19.7739
284.0000,19.8120
284.2500,18.2097
284.5000,14.7684
284.7500,11.6934
285.0000,7.9775
285.2500,3.2619
285.5000,-0.9118
285.7500,-2.9644
286.0000,4.2691
286.2500,11.4569
286.5000,16.3097
286.7500,18.9422
287.0000,20.2546
287.2500,21.5136
287.5000,22.0248
287.7500,19.9646
288.0000,16.1114
288.2500,11.8155
288.5000,6.8253
288.7500,2.1556
289.0000,-1.7664
289.2500,-3.7732
289.5000,-0.8050
289.7500,7.8859
290.0000,14.1961
290.2500,17.8282
290.5000,19.7052
290.7500,21.0253
291.0000,21.6891
291.2500,20.0104
291.5000,17.6756
291.7500,15.4628
292.0000,9.2441
292.2500,4.3149
292.5000,0.1412
292.7500,-3.0788
293.0000,1.8427
293.2500,10.2131
293.5000,15.5696
293.7500,18.4157
294.0000,19.9265
294.2500,21.1321
294.5000,21.4068
294.7500,19.2169
295.0000,15.3102
295.2500,9.6561
295.5000,4.2768
295.7500,0.2175
296.0000,-2.3463
296.2500,1.6825
296.5000,10.6175
296.7500,16.4089
297.0000,19.3084
297.2500,20.7429
297.5000,21.6433
297.7500,21.0558
298.0000,18.4462
298.2500,17.3551
298.5000,12.6396
298.7500,7.1458
299.0000,2.1250
299.2500,-0.2938
299.5000,-1.4078
299.7500,5.3908
