time_s,hr,eeg_alpha
0.0000,51.4631,8.6892
1.0000,51.2716,3.0767
2.0000,50.0406,13.4967
3.0000,50.3937,5.4364
4.0000,51.8308,3.4818
5.0000,51.5831,2.8628
6.0000,50.9506,3.3292
7.0000,51.7349,5.6857
8.0000,52.9312,3.4815
9.0000,51.0409,6.8578
10.0000,50.8575,7.0521
11.0000,52.1303,6.5078
12.0000,51.6361,8.4802
13.0000,51.1650,7.6110
14.0000,51.1487,6.1506
15.0000,50.9776,4.6080
16.0000,50.0300,6.3934
17.0000,50.3831,4.6386
18.0000,51.9691,5.9881
19.0000,51.1529,8.1164
20.0000,50.8327,4.5196
21.0000,51.1384,5.1965
22.0000,50.6287,5.8850
23.0000,49.5868,4.6152
24.0000,49.2536,4.2278
25.0000,50.5815,2.1658
26.0000,50.4274,5.7481
27.0000,49.7245,6.0324
28.0000,50.2579,5.3494
29.0000,51.4956,9.2830
30.0000,51.3074,5.2379
31.0000,51.1214,7.1828
32.0000,52.0127,3.4407
33.0000,51.8977,7.2964
34.0000,51.0638,5.0875
35.0000,51.1391,5.0438
36.0000,51.4891,5.1887
37.0000,51.1161,6.5950
38.0000,50.9061,3.3221
39.0000,51.7705,5.4786
40.0000,51.8897,7.6491
41.0000,51.4212,7.2197
42.0000,51.7241,4.7631
43.0000,51.6827,6.4924
44.0000,50.7618,7.0140
45.0000,51.4419,5.5010
46.0000,51.8598,7.5820
47.0000,51.0633,5.4363
48.0000,50.6522,4.5654
49.0000,51.8207,5.1165
50.0000,50.0091,11.8580
51.0000,50.3513,5.9103
52.0000,51.0132,5.2984
53.0000,51.0482,6.1170
54.0000,50.5261,5.4029
55.0000,50.0000,4.5351
56.0000,50.0498,11.8519
57.0000,50.9552,3.7409
58.0000,50.2837,5.8670
59.0000,50.2401,5.5192
60.0000,50.8752,7.4225
61.0000,51.4410,9.5749
62.0000,51.2821,4.3731
63.0000,51.2821,5.8264
64.0000,53.0781,4.4117
65.0000,52.1403,3.6437
66.0000,51.0795,9.6112
67.0000,51.6450,7.0343
68.0000,52.2814,4.9452
69.0000,51.1410,5.6945
70.0000,51.5673,11.9986
71.0000,53.1950,3.7900
72.0000,51.7291,4.3459
73.0000,51.8598,3.4612
74.0000,52.1739,9.3986
75.0000,51.8347,3.9222
76.0000,51.5510,5.7199
77.0000,52.4280,12.0028
78.0000,52.6296,6.5231
79.0000,52.0457,6.8860
80.0000,57.0589,3.6254
81.0000,61.2427,2.9156
82.0000,53.9477,11.1562
83.0000,48.7246,4.8059
84.0000,47.7042,5.3040
85.0000,49.4567,9.9734
86.0000,48.6440,7.4965
87.0000,48.8825,4.4770
88.0000,49.2118,4.9358
89.0000,48.6344,4.4279
90.0000,48.3382,4.4256
91.0000,52.6525,4.0788
92.0000,58.5597,5.2847
93.0000,48.4935,5.3955
94.0000,47.5596,6.7254
95.0000,49.3781,4.4669
96.0000,49.6977,6.6369
97.0000,47.7248,4.9299
98.0000,49.3510,4.1908
99.0000,51.6888,10.2085
100.0000,50.7500,6.8411
101.0000,49.7590,4.8416
102.0000,50.3287,5.2873
103.0000,51.0788,5.6409
104.0000,49.5156,5.2246
105.0000,48.5082,5.2147
106.0000,49.4469,3.3200
107.0000,49.4214,7.8429
108.0000,48.1792,4.5706
109.0000,49.7925,4.5048
110.0000,49.7925,14.8650
111.0000,50.3705,6.3816
112.0000,51.4771,5.3898
113.0000,56.6068,3.1317
114.0000,59.0449,4.4675
115.0000,53.4663,4.0846
116.0000,48.0092,5.3546
117.0000,50.1767,4.9532
118.0000,48.9122,8.6786
119.0000,50.0223,6.0511
120.0000,50.7443,5.1177
121.0000,50.3001,3.8949
122.0000,49.6779,5.4085
123.0000,50.1988,4.3966
124.0000,52.0858,6.1471
125.0000,54.4273,7.6360
126.0000,54.0651,5.5866
127.0000,58.6785,6.7313
128.0000,59.6348,5.3940
129.0000,53.3439,4.2408
130.0000,49.1961,4.3286
131.0000,51.9557,3.8520
132.0000,54.2486,7.1555
133.0000,49.5017,3.9966
134.0000,51.6396,3.4156
135.0000,51.8265,6.2681
136.0000,51.9578,5.0193
137.0000,52.5787,3.4405
138.0000,52.9887,6.4330
139.0000,53.1234,3.7047
140.0000,51.9727,5.2168
141.0000,53.2040,8.3751
142.0000,55.8584,3.6943
143.0000,60.4766,3.0460
144.0000,59.2237,4.9313
145.0000,56.8865,3.4439
146.0000,51.1389,3.0579
147.0000,47.8868,8.9885
148.0000,48.6780,4.5505
149.0000,50.9601,6.1068
150.0000,49.7394,3.0370
151.0000,49.4398,2.3577
152.0000,50.9846,3.0586
153.0000,51.5107,8.3832
154.0000,51.0684,5.3537
155.0000,52.0405,5.3525
156.0000,51.2759,2.5668
157.0000,50.0398,4.6821
158.0000,50.2145,4.2199
159.0000,51.8654,3.6250
160.0000,52.1821,5.6149
161.0000,50.6356,5.4147
162.0000,50.1096,4.8964
163.0000,51.2053,4.4036
164.0000,50.9395,3.6047
165.0000,50.4469,4.9879
166.0000,50.8252,6.6201
167.0000,50.6990,3.2880
168.0000,49.2098,6.7822
169.0000,50.6050,4.1946
170.0000,51.7488,4.0570
171.0000,50.7476,6.6436
172.0000,50.3209,3.6403
173.0000,50.8288,3.1342
174.0000,51.4504,2.8743
175.0000,51.2245,8.5838
176.0000,50.6767,7.3712
177.0000,52.6394,4.5306
178.0000,51.5911,4.8043
179.0000,50.8475,3.6473
180.0000,51.7976,6.0315
181.0000,52.6908,8.2115
182.0000,50.8248,4.4758
183.0000,50.6438,5.2551
184.0000,50.6329,5.8178
185.0000,50.4979,6.8229
186.0000,49.8460,4.0525
187.0000,49.8001,5.4902
188.0000,50.8478,3.5358
189.0000,48.3665,5.1744
190.0000,49.9335,5.1379
191.0000,50.2895,2.8335
192.0000,49.0889,5.9849
193.0000,48.0825,3.3958
194.0000,49.5496,3.0001
195.0000,49.0539,5.3973
196.0000,48.5734,5.7788
197.0000,49.3172,4.4206
198.0000,50.2828,4.3996
199.0000,50.3030,4.5496
200.0000,49.8031,4.7314
201.0000,50.3305,5.2335
202.0000,50.5692,2.3031
203.0000,49.8649,4.3057
204.0000,49.2511,5.9647
205.0000,49.6043,4.5034
206.0000,50.6155,5.1030
207.0000,49.9181,3.2381
208.0000,50.2250,5.9624
209.0000,53.2534,5.8764
210.0000,55.6944,3.1939
211.0000,55.5194,4.7476
212.0000,55.3453,5.8236
213.0000,54.5805,4.9529
214.0000,49.3095,7.6896
215.0000,46.6688,7.0129
216.0000,48.4377,5.1036
217.0000,49.7917,3.5754
218.0000,49.9320,6.1742
219.0000,50.5673,4.9282
220.0000,54.5760,5.4612
221.0000,57.7422,3.2901
222.0000,58.6194,5.2960
223.0000,50.4543,3.5910
224.0000,50.4803,5.7983
225.0000,50.2053,3.0599
226.0000,49.5290,7.4721
227.0000,50.4018,5.8321
228.0000,51.2393,4.6848
229.0000,50.1709,5.2458
230.0000,50.1471,5.9804
231.0000,50.9250,3.7109
232.0000,50.7423,4.1687
233.0000,49.6798,4.4063
234.0000,50.1323,4.9393
235.0000,52.0227,4.0452
236.0000,51.8172,3.9069
237.0000,51.5793,5.3851
238.0000,52.2158,5.2389
239.0000,52.1589,6.9481
240.0000,51.0116,6.1533
241.0000,50.8865,5.9559
242.0000,51.2579,4.9385
243.0000,49.8204,5.6870
244.0000,49.8807,4.5732
245.0000,50.7919,3.5821
246.0000,50.8742,4.2027
247.0000,49.4320,3.9497
248.0000,49.7721,4.1868
249.0000,50.8096,9.1511
250.0000,50.3856,3.2530
251.0000,50.5115,3.9315
252.0000,51.2106,4.0667
253.0000,51.4598,4.8690
254.0000,51.2821,5.1574
255.0000,51.2821,3.1552
256.0000,52.8957,5.2807
257.0000,51.8654,3.6344
258.0000,50.8511,4.8692
259.0000,50.4219,3.7922
260.0000,49.8017,3.8970
261.0000,48.8102,6.1744
262.0000,48.4728,3.2282
263.0000,49.2385,4.1446
264.0000,49.0397,4.4459
265.0000,48.1745,6.3535
266.0000,48.8679,3.4923
267.0000,50.8112,2.8419
268.0000,49.7207,3.1901
269.0000,49.5106,7.3028
270.0000,50.3591,3.7926
271.0000,50.9882,3.3535
272.0000,50.0822,5.8356
273.0000,51.1780,6.4342
274.0000,51.1140,5.5919
275.0000,50.4167,5.2741
276.0000,50.0928,4.7201
277.0000,50.5810,4.9817
278.0000,51.8930,3.6802
279.0000,54.1827,6.8873
280.0000,56.3273,4.6974
281.0000,59.6680,4.7594
282.0000,55.2651,4.5319
283.0000,50.8080,4.6316
284.0000,51.4681,3.8116
285.0000,52.4315,9.2167
286.0000,51.5843,3.9033
287.0000,50.9655,4.4494
288.0000,51.5108,6.5320
289.0000,51.7021,5.4831
290.0000,51.8957,4.2560
291.0000,52.6905,7.5944
292.0000,52.9737,6.8340
293.0000,52.5846,4.7086
294.0000,52.1123,3.8710
295.0000,52.1800,5.2112
296.0000,53.4861,5.3214
297.0000,51.3519,6.7533
298.0000,52.4353,4.0677
299.0000,52.5691,4.4394
300.0000,51.9500,5.0657
301.0000,51.6643,5.1849
302.0000,52.0001,7.5541
303.0000,52.0653,6.5500
304.0000,51.1205,3.5401
305.0000,50.7220,2.9318
306.0000,51.4926,3.5950
307.0000,51.1777,4.1187
308.0000,50.8811,8.0481
309.0000,51.8219,3.3973
310.0000,52.0095,2.7978
311.0000,50.3654,5.3099
312.0000,49.8963,3.9696
313.0000,50.5499,2.8951
314.0000,50.4230,4.0835
315.0000,49.8074,6.3249
316.0000,50.4886,4.4478
317.0000,51.0364,4.8015
318.0000,50.8896,5.2422
319.0000,51.2802,5.1157
320.0000,52.4869,4.6551
321.0000,52.6675,2.9838
322.0000,51.7862,6.9862
323.0000,52.1512,4.1747
324.0000,53.2930,4.4729
325.0000,52.2848,3.7781
326.0000,52.7146,2.7816
327.0000,53.8441,5.4129
328.0000,53.8766,3.8779
329.0000,52.7274,6.6699
330.0000,52.7616,5.7133
331.0000,53.9214,2.7570
332.0000,50.9752,6.2542
333.0000,50.0887,4.9146
334.0000,52.0776,6.0240
335.0000,51.8948,6.2969
336.0000,51.3902,1.6046
337.0000,51.6977,4.1866
338.0000,52.4582,3.7857
339.0000,52.4701,5.6454
340.0000,51.3167,3.3521
341.0000,51.4653,5.3697
342.0000,52.4676,3.6344
343.0000,51.3753,4.6823
344.0000,50.3790,3.4130
345.0000,50.6856,3.3591
346.0000,50.8080,6.2860
347.0000,50.4489,11.0549
348.0000,50.4202,3.8785
349.0000,51.0981,3.3220
350.0000,50.7949,4.9940
351.0000,50.1949,5.7471
352.0000,51.4071,7.4315
353.0000,55.7156,7.1073
354.0000,59.6240,3.8551
355.0000,59.0184,4.6672
356.0000,60.7496,3.3602
357.0000,52.4463,4.3533
358.0000,47.9866,5.4232
359.0000,48.0476,4.5974
360.0000,49.0334,3.2742
361.0000,48.6844,6.5426
362.0000,50.2092,5.6649
363.0000,51.3190,2.8261
364.0000,50.7429,4.9987
365.0000,50.7735,10.0916
366.0000,51.7102,6.0372
367.0000,52.0750,3.3064
368.0000,50.8569,3.0337
369.0000,52.4017,4.0866
370.0000,54.1184,3.7786
371.0000,52.6450,5.3370
372.0000,52.4730,5.4434
373.0000,53.1393,4.6171
374.0000,52.7100,6.6467
375.0000,51.4419,4.2217
376.0000,51.4596,6.7875
377.0000,52.6182,5.1182
378.0000,51.2840,8.3973
379.0000,51.0638,4.7020
380.0000,51.4395,7.9043
381.0000,52.1221,3.7136
382.0000,52.3500,4.6515
383.0000,52.9918,5.9140
384.0000,58.5495,4.6310
385.0000,59.4155,6.7908
386.0000,55.6929,4.7675
387.0000,49.5485,6.4294
388.0000,50.8247,3.1628
389.0000,49.8239,2.3918
390.0000,49.4047,4.9191
391.0000,50.7938,4.7188
392.0000,51.1743,7.0747
393.0000,50.2765,4.3489
394.0000,50.7095,6.0091
395.0000,53.9044,6.3420
396.0000,55.6154,3.6907
397.0000,56.2498,2.3622
398.0000,56.7373,5.0175
399.0000,56.2991,3.9801
400.0000,53.3537,4.9786
401.0000,48.8223,5.4376
402.0000,50.3661,4.4505
403.0000,49.7555,4.9984
404.0000,50.8281,6.4289
405.0000,52.3350,2.3409
406.0000,53.0973,2.9376
407.0000,53.1666,4.7171
408.0000,53.6069,5.7052
409.0000,54.6744,6.5760
410.0000,53.5823,4.7753
411.0000,54.0019,4.4593
412.0000,55.2775,6.8383
413.0000,54.3043,3.2118
414.0000,52.4537,4.0834
415.0000,51.8059,3.9610
416.0000,51.8919,4.7555
417.0000,51.2449,5.3143
418.0000,51.0930,4.7818
419.0000,52.2615,4.9572
420.0000,50.3545,3.6462
421.0000,50.1783,5.2347
422.0000,50.9020,4.1996
423.0000,51.1660,3.1061
424.0000,50.9233,4.7838
425.0000,51.4853,4.9622
426.0000,51.8766,3.8914
427.0000,50.4902,2.9642
428.0000,49.6888,3.6366
429.0000,50.1664,5.8446
430.0000,51.0756,4.9080
431.0000,50.2281,4.3746
432.0000,50.7690,5.4016
433.0000,51.6622,5.2522
434.0000,51.2952,4.6578
435.0000,51.0406,4.4878
436.0000,51.4154,4.4184
437.0000,51.3580,5.6810
438.0000,49.4309,3.8474
439.0000,50.2327,4.5035
440.0000,50.9984,3.9037
441.0000,51.2821,4.3306
442.0000,54.4316,4.7372
443.0000,59.8297,4.6657
444.0000,56.9763,5.5724
445.0000,49.2060,4.6544
446.0000,50.2370,5.2656
447.0000,51.3468,4.2745
448.0000,50.1408,6.1529
449.0000,50.6554,5.3187
450.0000,51.5021,6.0793
451.0000,51.5021,5.5369
452.0000,51.7885,4.5656
453.0000,53.5496,5.3173
454.0000,52.9258,3.7334
455.0000,53.0497,5.9512
456.0000,54.1110,3.9661
457.0000,54.5455,4.0362
458.0000,53.7007,5.3912
459.0000,52.7750,2.9740
460.0000,52.5724,3.2220
461.0000,52.1015,5.4450
462.0000,50.1001,3.8217
463.0000,50.5074,4.1193
464.0000,51.2037,6.1598
465.0000,50.6509,3.4298
466.0000,50.2199,3.7510
467.0000,51.0638,4.2290
468.0000,51.0475,4.3531
469.0000,50.6838,4.6429
470.0000,51.4419,5.3427
471.0000,52.1384,5.0827
472.0000,51.8706,3.4951
473.0000,51.8185,5.6051
474.0000,53.0215,4.9700
475.0000,53.3405,2.3524
476.0000,51.5643,5.3975
477.0000,51.1422,3.1234
478.0000,51.9869,4.0515
479.0000,50.9012,4.7072
480.0000,49.9708,6.0335
481.0000,51.0191,4.1933
482.0000,52.2822,4.6287
483.0000,51.1435,3.0584
484.0000,51.4137,6.5031
485.0000,52.7474,5.2811
486.0000,52.4455,4.1414
487.0000,51.5428,4.1795
488.0000,51.4002,4.8629
489.0000,51.5340,3.7113
490.0000,50.2663,5.9935
491.0000,51.6470,6.8595
492.0000,52.4277,3.9074
493.0000,56.2333,3.9949
494.0000,60.5927,4.2472
495.0000,60.2549,5.7688
496.0000,58.5048,5.0010
497.0000,52.3806,3.9996
498.0000,47.1635,7.3977
499.0000,49.8504,5.7316
500.0000,48.5497,4.6261
501.0000,49.1041,3.7385
502.0000,51.1229,3.6416
503.0000,51.5442,3.7817
504.0000,50.5379,9.9359
505.0000,51.8454,3.1477
506.0000,57.8291,5.3990
507.0000,56.6294,5.4328
508.0000,57.1429,8.3060
509.0000,54.5689,4.4976
510.0000,50.9518,4.2480
511.0000,50.9415,6.6074
512.0000,54.1640,4.4791
513.0000,55.0549,4.9461
514.0000,52.2329,4.4937
515.0000,51.2030,4.1424
516.0000,54.6014,4.4721
517.0000,51.0895,7.3746
518.0000,48.8004,5.3389
519.0000,49.4961,3.1826
520.0000,49.8452,4.2401
521.0000,48.3864,4.5523
522.0000,50.4202,3.6041
523.0000,54.4150,6.5711
524.0000,51.0378,4.5159
525.0000,52.1543,5.3434
526.0000,56.2073,4.0253
527.0000,55.6410,3.7574
528.0000,54.9114,4.0299
529.0000,57.6713,3.8008
530.0000,54.4232,3.8012
531.0000,46.5787,3.8348
532.0000,48.2559,5.2172
533.0000,50.4400,4.9749
534.0000,51.1641,5.0748
535.0000,52.5198,5.6795
536.0000,56.0554,4.0339
537.0000,56.1817,3.8142
538.0000,49.3620,3.6313
539.0000,49.1961,3.6686
540.0000,51.7265,3.1522
541.0000,51.1362,4.1109
542.0000,51.8962,2.9030
543.0000,55.1985,5.7743
544.0000,55.9692,3.6105
545.0000,52.8085,2.3866
546.0000,52.9512,3.1817
547.0000,55.0141,5.1729
548.0000,48.6712,5.0729
549.0000,49.7635,2.8936
550.0000,50.2337,4.4269
551.0000,49.5137,2.2864
552.0000,49.8237,3.8278
553.0000,49.9965,3.3412
554.0000,50.3460,6.4671
555.0000,49.6173,5.4156
556.0000,49.7742,3.9887
557.0000,50.2222,4.5587
558.0000,49.9490,6.2374
559.0000,50.8430,3.1061
560.0000,50.8475,6.0452
561.0000,51.4634,4.2041
562.0000,50.8938,4.4499
563.0000,50.7197,6.4433
564.0000,51.6160,2.9677
565.0000,51.9210,3.6869
566.0000,51.7280,6.1861
567.0000,52.9151,5.0628
568.0000,53.8300,4.2647
569.0000,53.1307,4.7814
570.0000,52.6316,5.2328
571.0000,53.6505,5.0110
572.0000,54.3344,4.2005
573.0000,53.0120,4.1427
574.0000,53.6471,5.1497
575.0000,54.2901,5.6238
576.0000,53.4320,6.0364
577.0000,52.9669,3.4942
578.0000,54.5474,4.8447
579.0000,53.6165,4.9113
580.0000,52.4017,8.3097
581.0000,52.5543,4.2716
582.0000,52.5390,4.3501
583.0000,51.3363,3.5009
584.0000,52.1119,4.9158
585.0000,52.5433,6.0574
586.0000,51.4522,4.0415
587.0000,50.8475,3.9026
588.0000,51.0835,4.4335
589.0000,51.0168,5.3199
590.0000,49.2042,4.1853
591.0000,49.8873,4.4283
592.0000,51.0766,3.7135
593.0000,50.4416,6.0108
594.0000,50.0782,3.6282
595.0000,51.0591,3.0469
596.0000,51.6350,5.4848
597.0000,50.8920,4.4990
598.0000,51.5579,3.5203
599.0000,52.6720,4.2964
