time_s,flow
0.0000,-26.8498
0.2500,-25.2808
0.5000,-25.4579
0.7500,-15.0855
1.0000,39.0965
1.2500,79.7436
1.5000,90.2198
1.7500,72.2283
2.0000,55.2076
2.2500,-9.4139
2.5000,-84.1514
2.7500,-104.5482
3.0000,-64.0293
3.2500,-38.7790
3.5000,-31.5995
3.7500,-24.6093
4.0000,-23.6508
4.2500,-21.6789
4.5000,35.3114
4.7500,70.0549
5.0000,74.6764
5.2500,72.3871
5.5000,56.5324
5.7500,0.8791
6.0000,-71.1050
6.2500,-91.9719
6.5000,-68.6874
6.7500,-44.8352
7.0000,-30.1282
7.2500,-26.8437
7.5000,-24.2186
7.7500,-21.9719
8.0000,-16.4042
8.2500,36.6300
8.5000,91.3248
8.7500,75.7509
9.0000,68.6508
9.2500,59.7497
9.5000,-14.1758
9.7500,-92.5641
10.0000,-96.0501
10.2500,-60.5006
10.5000,-40.2442
10.7500,-28.1197
11.0000,-24.1758
11.2500,-24.9145
11.5000,-22.1490
11.7500,10.8608
12.0000,58.2173
12.2500,81.9536
12.5000,86.3004
12.7500,63.3578
13.0000,28.4921
13.2500,-53.4310
13.5000,-95.3480
13.7500,-83.0220
14.0000,-48.2173
14.2500,-32.2344
14.5000,-28.4432
14.7500,-23.5409
15.0000,-22.9182
15.2500,-23.0525
15.5000,23.0647
15.7500,60.7265
16.0000,69.9267
16.2500,79.7924
16.5000,72.2589
16.7500,16.9109
17.0000,-68.8584
17.2500,-90.7998
17.5000,-64.5726
17.7500,-46.8803
18.0000,-29.7802
18.2500,-25.7265
18.5000,-26.3614
18.7500,-22.6740
19.0000,-20.8852
19.2500,5.3602
19.5000,61.0012
19.7500,80.7509
20.0000,77.3382
20.2500,77.9548
20.5000,57.6984
20.7500,-45.8852
21.0000,-109.3834
21.2500,-87.6923
21.5000,-55.8852
21.7500,-36.6239
22.0000,-25.9829
22.2500,-25.7387
22.5000,-23.2173
22.7500,-21.7460
23.0000,2.3504
23.2500,62.8694
23.5000,88.2967
23.7500,74.6581
24.0000,73.0769
24.2500,56.6667
24.5000,-37.4664
24.7500,-109.2857
25.0000,-89.9939
25.2500,-54.4200
25.5000,-39.8046
25.7500,-27.1490
26.0000,-24.2674
26.2500,-25.3297
26.5000,-22.1429
26.7500,-5.2747
27.0000,44.4933
27.2500,72.8327
27.5000,83.5104
27.7500,65.9341
28.0000,48.5348
28.2500,-31.3919
28.5000,-86.8681
28.7500,-90.0000
29.0000,-55.1038
29.2500,-35.7998
29.5000,-29.5543
29.7500,-24.1697
30.0000,-22.8816
30.2500,-23.2967
30.5000,-14.0293
30.7500,40.5250
31.0000,63.2662
31.2500,74.5421
31.5000,81.2943
31.7500,63.3639
32.0000,4.9878
32.2500,-68.0708
32.5000,-91.5140
32.7500,-71.2943
33.0000,-44.5543
33.2500,-31.5263
33.5000,-27.9670
33.7500,-23.3822
34.0000,-21.0806
34.2500,23.3272
34.5000,94.1575
34.7500,89.1697
35.0000,82.1001
35.2500,75.0488
35.5000,83.1197
35.7500,-74.4200
36.0000,-105.6960
36.2500,-86.5140
36.5000,-64.7314
36.7500,-38.6325
37.0000,-28.6081
37.2500,34.7924
37.5000,131.4652
37.7500,104.4628
38.0000,92.4420
38.2500,66.0195
38.5000,25.9951
38.7500,-81.1661
39.0000,-111.4530
39.2500,-96.5751
39.5000,-58.9377
39.7500,-36.1416
40.0000,-30.6899
40.2500,-25.6960
40.5000,-24.1819
40.7500,15.9951
41.0000,91.3980
41.2500,93.6691
41.5000,67.1856
41.7500,63.4737
42.0000,-24.7070
42.2500,-93.0525
42.5000,-95.3785
42.7500,-56.8803
43.0000,-35.8425
43.2500,-30.8364
43.5000,-27.7839
43.7500,-24.8779
44.0000,-24.5665
44.2500,-19.2491
44.5000,41.4103
44.7500,88.7729
45.0000,70.2442
45.2500,70.7448
45.5000,56.7094
45.7500,-27.9731
46.0000,-102.6007
46.2500,-84.6764
46.5000,-54.5177
46.7500,-41.7094
47.0000,-29.5971
47.2500,-25.9768
47.5000,-26.6056
47.7500,-23.3944
48.0000,-22.0879
48.2500,7.8022
48.5000,63.4249
48.7500,72.5824
49.0000,70.5556
49.2500,74.2125
49.5000,49.2918
49.7500,-57.4298
50.0000,-111.0867
50.2500,-78.5409
50.5000,-48.2173
50.7500,-34.0354
51.0000,-27.6313
51.2500,-26.7949
51.5000,-24.6825
51.7500,-20.8669
52.0000,20.2503
52.2500,82.4908
52.5000,63.7179
52.7500,40.3236
53.0000,82.3260
53.2500,-5.3297
53.5000,-77.1917
53.7500,-77.9060
54.0000,-54.2002
54.2500,-42.1306
54.5000,-43.2051
54.7500,-11.1783
55.0000,135.2503
55.2500,288.6020
55.5000,331.5385
55.7500,220.9035
56.0000,-12.1795
56.2500,-71.7338
56.5000,-100.1893
56.7500,-79.9023
57.0000,-54.5910
57.2500,-63.2173
57.5000,-46.7399
57.7500,-32.0024
58.0000,-31.0928
58.2500,-32.4054
58.5000,144.2430
58.7500,302.5458
59.0000,303.0159
59.2500,115.5739
59.5000,-69.8596
59.7500,-98.7973
60.0000,-98.4188
60.2500,-79.3712
60.5000,-74.7253
60.7500,-68.9194
61.0000,-47.1917
61.2500,-24.9817
61.5000,128.2540
61.7500,309.6337
62.0000,243.7424
62.2500,-4.4383
62.5000,-123.5592
62.7500,-65.2930
63.0000,-43.6935
63.2500,-43.4615
63.5000,-42.3504
63.7500,-42.6801
64.0000,-41.8803
64.2500,-40.9280
64.5000,-40.7143
64.7500,-41.0745
65.0000,-39.9878
65.2500,-39.4994
65.5000,-36.3126
65.7500,-16.0012
66.0000,-0.3785
66.2500,-14.1026
66.5000,-36.6667
66.7500,-50.2442
67.0000,-55.7448
67.2500,-42.6740
67.5000,-38.5226
67.7500,-36.4347
68.0000,-34.2369
68.2500,-32.1856
68.5000,-0.7937
68.7500,30.6288
69.0000,21.2271
69.2500,-6.7827
69.5000,-50.7265
69.7500,-70.6288
70.0000,-53.6630
70.2500,-39.2979
70.5000,-35.1709
70.7500,-31.3980
71.0000,-30.3907
71.2500,-30.1465
71.5000,-29.0415
71.7500,-28.0891
72.0000,-24.7009
72.2500,-22.4237
72.5000,-22.8938
72.7500,-21.2576
73.0000,-23.5592
73.2500,-31.9841
73.5000,-33.7851
73.7500,-29.0842
74.0000,-26.6422
74.2500,-26.1111
74.5000,-25.2381
74.7500,-24.6703
75.0000,-24.8046
75.2500,-24.4872
75.5000,-18.3150
75.7500,17.9121
76.0000,41.3858
76.2500,58.6752
76.5000,30.0244
76.7500,-19.8291
77.0000,-29.8596
77.2500,-30.2991
77.5000,-29.2125
77.7500,-28.1441
78.0000,-29.3773
78.2500,-31.1477
78.5000,-34.7375
78.7500,-39.5360
79.0000,-34.1880
79.2500,-23.5470
79.5000,74.0293
79.7500,136.5018
80.0000,151.1294
80.2500,78.9377
80.5000,-10.4640
80.7500,-69.2735
81.0000,-69.4689
81.2500,-63.1136
81.5000,-56.1111
81.7500,-47.5275
82.0000,-32.5946
82.2500,-17.8632
82.5000,76.6728
82.7500,135.0855
83.0000,134.1026
83.2500,125.3358
83.5000,53.3089
83.7500,-76.8803
84.0000,-96.3553
84.2500,-75.5006
84.5000,-53.0708
84.7500,-43.0525
85.0000,-32.5214
85.2500,-29.2979
85.5000,-28.9194
85.7500,-26.4774
86.0000,-17.3871
86.2500,22.3687
86.5000,31.0684
86.7500,12.7961
87.0000,2.2161
87.2500,4.7863
87.5000,-13.7546
87.7500,-60.6899
88.0000,-61.9353
88.2500,-49.2796
88.5000,-33.9499
88.7500,-28.0403
89.0000,-26.4286
89.2500,-23.4371
89.5000,-18.8462
89.7500,22.2466
90.0000,64.8779
90.2500,43.0098
90.5000,35.6410
90.7500,30.1099
91.0000,-16.5873
91.2500,-81.6545
91.5000,-69.0598
91.7500,-42.3077
92.0000,-31.5751
92.2500,-25.0427
92.5000,-23.3272
92.7500,-24.1819
93.0000,-23.1990
93.2500,-2.4847
93.5000,39.1453
93.7500,54.7924
94.0000,59.7863
94.2500,43.1685
94.5000,32.4908
94.7500,-21.7827
95.0000,-76.6606
95.2500,-71.4835
95.5000,-50.8608
95.7500,-31.9719
96.0000,-25.2320
96.2500,-25.0977
96.5000,-22.0391
96.7500,-21.8926
97.0000,-12.3993
97.2500,47.5580
97.5000,56.0867
97.7500,37.4481
98.0000,32.3321
98.2500,26.3553
98.5000,-1.3797
98.7500,-69.6093
99.0000,-75.1709
99.2500,-50.1465
99.5000,-37.0574
99.7500,-24.6215
100.0000,-22.0147
100.2500,-23.1136
100.5000,-20.1099
100.7500,7.4725
101.0000,43.9744
101.2500,47.3687
101.5000,33.3150
101.7500,15.7021
102.0000,19.3407
102.2500,15.4579
102.5000,-44.0537
102.7500,-81.7949
103.0000,-60.9951
103.2500,-37.5031
103.5000,-29.2979
103.7500,-21.9353
104.0000,-20.5128
104.2500,-15.7937
104.5000,46.4225
104.7500,60.1832
105.0000,35.3663
105.2500,29.6215
105.5000,21.0989
105.7500,12.5763
106.0000,-26.4469
106.2500,-81.7582
106.5000,-68.0891
106.7500,-47.4481
107.0000,-26.1966
107.2500,-21.0440
107.5000,-22.1429
107.7500,5.9219
108.0000,60.8730
108.2500,59.9939
108.5000,38.3761
108.7500,19.9817
109.0000,25.6593
109.2500,90.4579
109.5000,-5.4151
109.7500,-75.8730
110.0000,-70.4090
110.2500,-58.7607
110.5000,-46.2943
110.7500,-28.9011
111.0000,58.0708
111.2500,160.7631
111.5000,171.1355
111.7500,136.8742
112.0000,144.8168
112.2500,13.8523
112.5000,-121.3797
112.7500,-126.5446
113.0000,-78.1746
113.2500,-47.7045
113.5000,-33.6447
113.7500,-26.9841
114.0000,-27.8755
114.2500,-25.9158
114.5000,-12.4176
114.7500,79.1819
115.0000,129.9206
115.2500,149.0537
115.5000,126.6117
115.7500,92.7534
116.0000,9.2308
116.2500,-109.7253
116.5000,-118.7118
116.7500,-87.1978
117.0000,-54.4505
117.2500,-39.3040
117.5000,-33.3089
117.7500,-27.8571
118.0000,-27.3077
118.2500,-28.9316
118.5000,-25.5311
118.7500,-23.2051
119.0000,20.1038
119.2500,87.9609
119.5000,116.5201
119.7500,99.4139
120.0000,80.7082
120.2500,-3.5043
120.5000,-85.1709
120.7500,-100.3053
121.0000,-70.7570
121.2500,-44.7863
121.5000,-35.4029
121.7500,-29.6398
122.0000,-27.1978
122.2500,-27.3382
122.5000,-28.0403
122.7500,-25.9524
123.0000,-25.1404
123.2500,-21.9414
123.5000,25.0916
123.7500,63.9377
124.0000,72.4603
124.2500,73.4005
124.5000,62.3016
124.7500,-35.1160
125.0000,-88.2906
125.2500,-79.1270
125.5000,-49.6337
125.7500,-34.3651
126.0000,-31.1050
126.2500,-25.6288
126.5000,-25.6288
126.7500,-26.3370
127.0000,-24.2247
127.2500,-23.6508
127.5000,-19.9695
127.7500,15.5556
128.0000,61.5079
128.2500,71.5079
128.5000,69.0232
128.7500,64.1697
129.0000,-7.9121
129.2500,-80.7937
129.5000,-88.2479
129.7500,-57.9304
130.0000,-37.7106
130.2500,-31.0256
130.5000,-24.9206
130.7500,-24.6093
131.0000,-25.7875
131.2500,-22.6801
131.5000,-15.2015
131.7500,21.8315
132.0000,59.5665
132.2500,83.6325
132.5000,72.1306
132.7500,68.9927
133.0000,2.4359
133.2500,-77.4908
133.5000,-93.8400
133.7500,-63.9683
134.0000,-37.8632
134.2500,-30.0916
134.5000,-24.6520
134.7500,-23.8217
135.0000,-25.0000
135.2500,-21.8376
135.5000,4.7192
135.7500,48.9560
136.0000,84.8901
136.2500,98.2845
136.5000,77.0147
136.7500,60.6471
137.0000,-33.4310
137.2500,-96.2515
137.5000,-94.0049
137.7500,-57.8694
138.0000,-36.2882
138.2500,-30.7265
138.5000,-24.1453
138.7500,-23.8034
139.0000,2.4176
139.2500,97.7900
139.5000,92.8022
139.7500,82.7350
140.0000,87.2466
140.2500,135.1587
140.5000,-35.9829
140.7500,-90.2808
141.0000,-78.4554
141.2500,-46.7521
141.5000,-43.3639
141.7500,-37.1490
142.0000,-31.6911
142.2500,104.4933
142.5000,247.7595
142.7500,218.9438
143.0000,154.2857
143.2500,70.8425
143.5000,-77.0696
143.7500,-96.9475
144.0000,-96.2637
144.2500,-79.3040
144.5000,-53.1868
144.7500,-44.3773
145.0000,12.9731
145.2500,217.1184
145.5000,263.4799
145.7500,288.8706
146.0000,124.2796
146.2500,7.0147
146.5000,-49.2735
146.7500,-58.9133
147.0000,-55.5922
147.2500,-42.5519
147.5000,-39.1453
147.7500,-44.0110
148.0000,-45.2747
148.2500,-57.8327
148.5000,-54.4322
148.7500,-43.6264
149.0000,-40.6899
149.2500,-38.9560
149.5000,-38.7546
149.7500,-38.8706
150.0000,-38.3455
150.2500,-37.6068
150.5000,-37.6129
150.7500,-37.2833
151.0000,-35.1099
151.2500,-34.3468
151.5000,-33.7118
151.7500,-33.6569
152.0000,-32.8571
152.2500,-32.7656
152.5000,-31.1783
152.7500,-30.6593
153.0000,-36.0745
153.2500,-31.9109
153.5000,-36.3492
153.7500,-43.3516
154.0000,-50.6838
154.2500,-44.6459
154.5000,21.3614
154.7500,279.3590
155.0000,345.7204
155.2500,324.1758
155.5000,148.4005
155.7500,410.3602
156.0000,671.7766
156.2500,577.3687
156.5000,21.0684
156.7500,-108.8217
157.0000,-83.9011
157.2500,-69.4017
157.5000,-66.4042
157.7500,-67.6740
158.0000,-66.8010
158.2500,-65.9402
158.5000,-67.8877
158.7500,-67.7717
159.0000,-59.7436
159.2500,-61.2210
159.5000,-63.8523
159.7500,-86.2210
160.0000,-104.3773
160.2500,-102.5702
160.5000,-96.2821
160.7500,-97.8022
161.0000,-91.7949
161.2500,-89.9206
161.5000,-70.8974
161.7500,-48.3700
162.0000,-47.6007
162.2500,-53.5409
162.5000,-67.0513
162.7500,-58.5226
163.0000,-19.4811
163.2500,74.9451
163.5000,53.9744
163.7500,37.7839
164.0000,10.7509
164.2500,15.5128
164.5000,-48.7973
164.7500,-69.4200
165.0000,-66.0134
165.2500,-63.4615
165.5000,-61.4530
165.7500,-58.8950
166.0000,-56.6056
166.2500,-53.7241
166.5000,-50.5128
166.7500,-47.2650
167.0000,-18.5348
167.2500,47.5336
167.5000,61.2332
167.7500,52.5092
168.0000,-13.6508
168.2500,-58.6813
168.5000,-66.1050
168.7500,-61.8742
169.0000,-57.5397
169.2500,-49.1453
169.5000,-45.8852
169.7500,-44.5665
170.0000,-43.5409
170.2500,-33.1258
170.5000,42.3932
170.7500,63.2601
171.0000,45.2686
171.2500,-0.9158
171.5000,-56.4652
171.7500,-66.5140
172.0000,-61.0806
172.2500,-49.9756
172.5000,-42.4603
172.7500,-39.1270
173.0000,-35.0122
173.2500,-33.6874
173.5000,-33.2540
173.7500,-28.5287
174.0000,5.6777
174.2500,18.2479
174.5000,3.4676
174.7500,4.3590
175.0000,-29.5971
175.2500,-47.4542
175.5000,-45.1893
175.7500,-39.1331
176.0000,-32.6496
176.2500,-31.3126
176.5000,-31.1538
176.7500,-28.2784
177.0000,2.1734
177.2500,24.5299
177.5000,22.7350
177.7500,16.0256
178.0000,6.0073
178.2500,8.7057
178.5000,-43.9866
178.7500,-56.8010
179.0000,-49.8413
179.2500,-37.5702
179.5000,-31.4164
179.7500,-29.7497
180.0000,-8.5409
180.2500,44.9939
180.5000,53.6203
180.7500,50.7021
181.0000,116.4835
181.2500,147.7106
181.5000,99.5116
181.7500,-54.0720
182.0000,-79.2491
182.2500,-73.0220
182.5000,-60.1587
182.7500,-44.2308
183.0000,-36.8681
183.2500,-16.5995
183.5000,11.6056
183.7500,7.1368
184.0000,64.4994
184.2500,109.8596
184.5000,70.8974
184.7500,71.5629
185.0000,3.7057
185.2500,-77.7106
185.5000,-78.7118
185.7500,-61.9658
186.0000,-47.3748
186.2500,-30.8547
186.5000,70.8913
186.7500,150.5006
187.0000,222.8083
187.2500,157.0940
187.5000,55.1893
187.7500,-45.8303
188.0000,-73.7057
188.2500,-57.2283
188.5000,-40.2625
188.7500,-39.4994
189.0000,-67.4847
189.2500,-71.4286
189.5000,-62.1734
189.7500,-47.5275
190.0000,32.2161
190.2500,103.2357
190.5000,79.7375
190.7500,29.2735
191.0000,9.7741
191.2500,-58.1685
191.5000,-75.3297
191.7500,-72.9060
192.0000,-54.3040
192.2500,-43.7668
192.5000,-38.2906
192.7500,-34.9145
193.0000,-2.2650
193.2500,58.9072
193.5000,64.6032
193.7500,51.5079
194.0000,19.0415
194.2500,-55.4579
194.5000,-68.1380
194.7500,-60.4884
195.0000,-44.9939
195.2500,-37.7900
195.5000,-36.0012
195.7500,-33.3883
196.0000,-29.4689
196.2500,-8.3578
196.5000,28.6813
196.7500,59.5421
197.0000,48.2906
197.2500,5.2198
197.5000,-50.3907
197.7500,-60.7021
198.0000,-51.9109
198.2500,-39.3712
198.5000,-34.0354
198.7500,-32.6679
199.0000,-31.3370
199.2500,-30.6349
199.5000,-26.1905
199.7500,25.6838
200.0000,65.8425
200.2500,59.5726
200.5000,56.3065
200.7500,7.0513
201.0000,-54.8535
201.2500,-67.3016
201.5000,-52.9915
201.7500,-39.8291
202.0000,-34.4505
202.2500,-30.4823
202.5000,-29.8840
202.7500,-13.9621
203.0000,42.3626
203.2500,57.1062
203.5000,52.4054
203.7500,62.3199
204.0000,15.9524
204.2500,-56.3126
204.5000,-65.3724
204.7500,-52.6618
205.0000,-41.0806
205.2500,-34.1575
205.5000,-30.4212
205.7500,-29.8596
206.0000,-12.8694
206.2500,37.5275
206.5000,48.5958
206.7500,43.4860
207.0000,39.0842
207.2500,21.5446
207.5000,-43.3761
207.7500,-62.6984
208.0000,-55.7387
208.2500,-42.1551
208.5000,-33.9621
208.7500,-29.6093
209.0000,-29.6825
209.2500,-28.3211
209.5000,-18.3150
209.7500,10.9951
210.0000,34.5360
210.2500,57.8632
210.5000,67.6679
210.7500,64.4078
211.0000,38.5897
211.2500,-47.8449
211.5000,-75.5311
211.7500,-63.9683
212.0000,-43.9438
212.2500,-35.9646
212.5000,-29.6398
212.7500,-26.7888
213.0000,14.3773
213.2500,61.1538
213.5000,61.2088
213.7500,30.4274
214.0000,-3.0220
214.2500,-45.1709
214.5000,-58.8217
214.7500,-48.2723
215.0000,-36.3187
215.2500,7.8327
215.5000,75.5250
215.7500,86.7216
216.0000,66.4713
216.2500,42.1673
216.5000,-31.0195
216.7500,-69.0049
217.0000,-71.3675
217.2500,-51.6056
217.5000,-37.0208
217.7500,-32.7350
218.0000,-29.0110
218.2500,-17.0574
218.5000,24.5299
218.7500,52.2650
219.0000,60.5678
219.2500,47.3626
219.5000,-10.8059
219.7500,-52.3016
220.0000,-63.2112
220.2500,-51.0806
220.5000,-35.8425
220.7500,-30.1954
221.0000,-29.6520
221.2500,-28.0342
221.5000,-26.9170
221.7500,-17.0574
222.0000,18.0281
222.2500,51.0073
222.5000,48.7485
222.7500,26.8498
223.0000,-20.5067
223.2500,-50.1038
223.5000,-55.6349
223.7500,-42.5214
224.0000,-30.7265
224.2500,-28.2723
224.5000,-27.0757
224.7500,-25.7265
225.0000,-23.4188
225.2500,-0.7998
225.5000,35.7692
225.7500,46.0012
226.0000,35.2991
226.2500,8.2479
226.5000,-37.5824
226.7500,-53.1746
227.0000,-45.7998
227.2500,-32.7778
227.5000,-28.0220
227.7500,-26.4957
228.0000,-24.7192
228.2500,-23.9438
228.5000,-5.6899
228.7500,41.7643
229.0000,57.6557
229.2500,52.7106
229.5000,29.1087
229.7500,-34.0965
230.0000,-54.5482
230.2500,-48.7912
230.5000,-34.0842
230.7500,-29.0598
231.0000,-25.5678
231.2500,3.4127
231.5000,39.5788
231.7500,54.5055
232.0000,56.5629
232.2500,43.3822
232.5000,-3.0037
232.7500,-44.3468
233.0000,-59.9145
233.2500,-51.3858
233.5000,-34.0232
233.7500,-28.5653
234.0000,-17.0147
234.2500,31.3187
234.5000,42.1123
234.7500,37.6801
235.0000,46.0806
235.2500,35.7631
235.5000,-18.5043
235.7500,-52.6190
236.0000,-57.7778
236.2500,-47.0330
236.5000,-33.0342
236.7500,-27.1429
237.0000,-25.7143
237.2500,-24.3346
237.5000,-16.5568
237.7500,10.9158
238.0000,26.3614
238.2500,41.0134
238.5000,40.1648
238.7500,37.8877
239.0000,14.6764
239.2500,-39.9512
239.5000,-59.5299
239.7500,-51.9048
240.0000,-37.1062
240.2500,-29.9206
240.5000,-24.9817
240.7500,-24.1819
241.0000,-8.1258
241.2500,31.1844
241.5000,42.8083
241.7500,27.5458
242.0000,20.3663
242.2500,-2.3626
242.5000,-39.0232
242.7500,-51.1355
243.0000,-41.3004
243.2500,-31.4164
243.5000,-27.0696
243.7500,-23.2784
244.0000,-22.8999
244.2500,-11.6056
244.5000,38.0464
244.7500,50.4457
245.0000,37.4237
245.2500,31.9658
245.5000,-6.0501
245.7500,-41.2821
246.0000,-47.8083
246.2500,-39.7253
246.5000,-31.1661
246.7500,-25.3297
247.0000,-22.6190
247.2500,-23.1502
247.5000,-1.4591
247.7500,45.2137
248.0000,51.8620
248.2500,51.6300
248.5000,56.7399
248.7500,7.5763
249.0000,-54.9389
249.2500,-60.2259
249.5000,-42.2527
249.7500,-30.3480
250.0000,-23.9621
250.2500,-23.1929
250.5000,-23.2845
250.7500,-22.2466
251.0000,-14.0720
251.2500,16.1905
251.5000,47.7411
251.7500,64.8535
252.0000,52.8266
252.2500,22.9365
252.5000,-34.8168
252.7500,-52.0635
253.0000,-48.4310
253.2500,-34.6703
253.5000,-27.1612
253.7500,-24.7192
254.0000,-22.5702
254.2500,-22.4481
254.5000,-22.4908
254.7500,-20.0672
255.0000,4.0781
255.2500,26.8071
255.5000,49.0171
255.7500,50.1587
256.0000,33.7302
256.2500,-14.9084
256.5000,-43.3028
256.7500,-50.1893
257.0000,-39.5055
257.2500,-27.9548
257.5000,-24.7253
257.7500,-22.2589
258.0000,-20.6654
258.2500,-21.4408
258.5000,-0.1282
258.7500,33.0281
259.0000,40.4640
259.2500,51.8620
259.5000,52.4054
259.7500,-15.2442
260.0000,-49.0110
260.2500,-49.1880
260.5000,-35.7326
260.7500,-27.8449
261.0000,-22.6068
261.2500,-21.4408
261.5000,-21.8437
261.7500,-2.4237
262.0000,41.1722
262.2500,48.8095
262.5000,26.9170
262.7500,19.4139
263.0000,-16.5629
263.2500,-41.4225
263.5000,-44.0232
263.7500,-33.9072
264.0000,-26.9292
264.2500,-21.9902
264.5000,-21.5079
264.7500,-16.4713
265.0000,31.0562
265.2500,58.3944
265.5000,62.5214
265.7500,34.6398
266.0000,-18.2967
266.2500,-50.9524
266.5000,-50.9463
266.7500,-28.7668
267.0000,-23.5653
267.2500,-22.8755
267.5000,-1.7582
267.7500,68.3883
268.0000,106.0867
268.2500,103.7179
268.5000,73.3394
268.7500,6.6606
269.0000,-64.5238
269.2500,-76.4774
269.5000,-53.3211
269.7500,-33.6081
270.0000,-28.3578
270.2500,-23.7912
270.5000,-22.4969
270.7500,5.5861
271.0000,49.1392
271.2500,62.1551
271.5000,54.6459
271.7500,23.4982
272.0000,-33.2173
272.2500,-51.7888
272.5000,-51.2454
272.7500,-39.1758
273.0000,-30.5189
273.2500,-24.3101
273.5000,-23.3455
273.7500,-22.5641
274.0000,-23.4921
274.2500,-8.1868
274.5000,21.8071
274.7500,46.9292
275.0000,41.6117
275.2500,25.4212
275.5000,-21.2149
275.7500,-46.4835
276.0000,-49.3284
276.2500,-35.8608
276.5000,-26.9414
276.7500,-24.3284
277.0000,-21.9719
277.2500,-21.2149
277.5000,-21.9719
277.7500,-4.4322
278.0000,25.4090
278.2500,24.7253
278.5000,26.8803
278.7500,5.5311
279.0000,-32.4664
279.2500,-42.4603
279.5000,-34.6581
279.7500,-26.0684
280.0000,-23.3028
280.2500,-20.6166
280.5000,-19.4567
280.7500,-21.2210
281.0000,-8.8645
281.2500,16.8987
281.5000,9.2186
281.7500,8.5104
282.0000,17.4603
282.2500,-6.3004
282.5000,-31.6178
282.7500,-37.8755
283.0000,-31.3126
283.2500,-25.3236
283.5000,-21.5140
283.7500,-18.8095
284.0000,-18.6386
284.2500,-19.0171
284.5000,1.3614
284.7500,32.1184
285.0000,30.9280
285.2500,28.4982
285.5000,34.4505
285.7500,-0.7692
286.0000,-35.8791
286.2500,-43.0830
286.5000,-35.9768
286.7500,-28.1197
287.0000,-20.7753
287.2500,-18.8889
287.5000,-19.2918
287.7500,-17.9182
288.0000,-14.9756
288.2500,-0.4274
288.5000,27.0940
288.7500,46.3553
289.0000,42.7411
289.2500,29.4750
289.5000,25.7448
289.7500,-21.2149
290.0000,-46.5690
290.2500,-45.4335
290.5000,-35.3053
290.7500,-27.3077
291.0000,-19.7863
291.2500,-18.5836
291.5000,-18.8523
291.7500,14.2369
292.0000,53.0342
292.2500,48.9927
292.5000,50.3785
292.7500,51.8926
293.0000,33.8217
293.2500,-29.4261
293.5000,-52.6618
293.7500,-50.9646
294.0000,-39.5849
294.2500,-26.2821
294.5000,-21.3553
294.7500,-20.4640
295.0000,13.9194
295.2500,61.7643
295.5000,63.7179
295.7500,74.5055
296.0000,77.3138
296.2500,48.2479
296.5000,-31.4469
296.7500,-57.7473
297.0000,-54.5116
297.2500,-44.2125
297.5000,-30.5067
297.7500,-24.8779
298.0000,-23.2601
298.2500,-21.1905
298.5000,-5.9158
298.7500,28.0403
299.0000,50.4029
299.2500,54.5482
299.5000,33.1624
299.7500,2.5214
300.0000,-34.0354
300.2500,-50.4640
300.5000,-47.8571
300.7500,-34.0904
301.0000,-26.1233
301.2500,-22.9121
301.5000,-20.6471
301.7500,-10.4640
302.0000,26.6728
302.2500,49.2430
302.5000,43.3578
302.7500,40.7570
303.0000,16.6667
303.2500,-35.2137
303.5000,-52.0879
303.7500,-48.1502
304.0000,-35.1038
304.2500,-26.9658
304.5000,-23.6142
304.7500,-20.8852
305.0000,-20.7753
305.2500,-20.2625
305.5000,2.7717
305.7500,36.2393
306.0000,31.7216
306.2500,33.4249
306.5000,46.1172
306.7500,38.5714
307.0000,-15.5556
307.2500,-47.2039
307.5000,-52.8632
307.7500,-44.9084
308.0000,-30.0611
308.2500,-24.7131
308.5000,-22.5153
308.7500,-20.0244
309.0000,-16.4530
309.2500,16.6972
309.5000,49.7985
309.7500,52.1184
310.0000,48.9866
310.2500,50.0977
310.5000,6.3248
310.7500,-48.0281
311.0000,-57.2833
311.2500,-47.6374
311.5000,-34.2125
311.7500,-24.6398
312.0000,-20.6777
312.2500,-21.5995
312.5000,-20.7631
312.7500,-18.8156
313.0000,-7.0574
313.2500,5.7082
313.5000,48.4982
313.7500,53.4860
314.0000,42.0574
314.2500,40.6532
314.5000,-9.8168
314.7500,-50.7326
315.0000,-53.8400
315.2500,-42.5519
315.5000,-30.9402
315.7500,-24.3346
316.0000,-19.9634
316.2500,-20.9341
316.5000,-11.2088
316.7500,35.6227
317.0000,45.9035
317.2500,47.1001
317.5000,51.8498
317.7500,30.5128
318.0000,-33.3761
318.2500,-51.4530
318.5000,-48.3639
318.7500,-37.7900
319.0000,-26.2515
319.2500,-21.6422
319.5000,-21.9597
319.7500,-20.0916
320.0000,-19.4872
320.2500,-10.4212
320.5000,29.2125
320.7500,56.9475
321.0000,50.2381
321.2500,37.0085
321.5000,7.2100
321.7500,-36.9719
322.0000,-52.9060
322.2500,-45.1465
322.5000,-30.4457
322.7500,-24.7741
323.0000,-20.9219
323.2500,-19.0049
323.5000,-20.8181
323.7500,-11.0317
324.0000,17.8999
324.2500,28.6020
324.5000,35.4029
324.7500,45.8303
325.0000,28.2051
325.2500,-28.6325
325.5000,-45.5495
325.7500,-43.8034
326.0000,-34.9084
326.2500,-25.3968
326.5000,-20.3114
326.7500,-21.3614
327.0000,-19.5177
327.2500,-17.6923
327.5000,-0.9524
327.7500,26.8681
328.0000,52.9182
328.2500,50.8791
328.5000,30.6777
328.7500,-21.5507
329.0000,-45.8242
329.2500,-47.6129
329.5000,-34.5971
329.7500,-23.9805
330.0000,-21.9719
330.2500,-19.1148
330.5000,-16.5629
330.7500,-7.0085
331.0000,7.0757
331.2500,25.9524
331.5000,29.2552
331.7500,40.0000
332.0000,19.3651
332.2500,-32.6129
332.5000,-48.9866
332.7500,-41.2821
333.0000,-28.7179
333.2500,-22.5458
333.5000,-18.5958
333.7500,-18.6447
334.0000,-18.6325
334.2500,-1.6239
334.5000,32.1795
334.7500,39.7558
335.0000,43.8584
335.2500,40.6777
335.5000,17.9304
335.7500,-27.4176
336.0000,-47.1551
336.2500,-47.5702
336.5000,-33.4249
336.7500,-23.6569
337.0000,-20.8608
337.2500,-18.0342
337.5000,-17.6374
337.7500,0.1648
338.0000,42.1368
338.2500,60.8913
338.5000,49.3040
338.7500,40.0549
339.0000,4.9512
339.2500,-40.0855
339.5000,-50.4701
339.7500,-40.7143
340.0000,-30.7631
340.2500,-24.1026
340.5000,-14.9695
340.7500,14.3651
341.0000,-11.6300
341.2500,-26.1538
341.5000,-23.1685
341.7500,-20.5800
342.0000,-17.9792
342.2500,-16.0562
342.5000,7.5763
342.7500,33.9194
343.0000,42.5885
343.2500,35.1282
343.5000,20.6166
343.7500,-19.5482
344.0000,-39.3834
344.2500,-42.8816
344.5000,-32.2711
344.7500,-24.4689
345.0000,-21.2454
345.2500,-18.2051
345.5000,-18.0708
345.7500,-2.0635
346.0000,31.6728
346.2500,41.2393
346.5000,39.4567
346.7500,40.6838
347.0000,24.0110
347.2500,-30.3785
347.5000,-46.4225
347.7500,-43.4310
348.0000,-33.9377
348.2500,-25.4274
348.5000,-19.0537
348.7500,-19.5788
349.0000,-10.4335
349.2500,27.7961
349.5000,39.8046
349.7500,45.2076
350.0000,50.5678
350.2500,46.3553
350.5000,15.1404
350.7500,-36.4713
351.0000,-53.0220
351.2500,-48.7241
351.5000,-36.6972
351.7500,-25.9524
352.0000,-22.5885
352.2500,-19.2002
352.5000,-14.1514
352.7500,17.8877
353.0000,47.2405
353.2500,55.2747
353.5000,46.0379
353.7500,43.9499
354.0000,-7.7411
354.2500,-44.1026
354.5000,-48.2662
354.7500,-38.9377
355.0000,-33.5958
355.2500,-26.5018
355.5000,-19.7558
355.7500,-19.8168
356.0000,-14.7436
356.2500,33.4066
356.5000,46.6178
356.7500,49.1087
357.0000,55.8974
357.2500,43.9988
357.5000,-11.9048
357.7500,-45.8791
358.0000,-50.6838
358.2500,-43.6752
358.5000,-30.4396
358.7500,-24.1453
359.0000,-22.2833
359.2500,-19.7802
359.5000,-19.4628
359.7500,-19.7375
360.0000,-2.2711
360.2500,32.4420
360.5000,36.4713
360.7500,40.5128
361.0000,44.0476
361.2500,37.7228
361.5000,-5.8120
361.7500,-43.2357
362.0000,-52.2589
362.2500,-46.3248
362.5000,-32.5519
362.7500,-24.8474
363.0000,-21.7155
363.2500,-19.5482
363.5000,-19.0415
363.7500,-12.6862
364.0000,38.2112
364.2500,56.7949
364.5000,50.4396
364.7500,50.2320
365.0000,43.4432
365.2500,-8.1868
365.5000,-47.8083
365.7500,-55.3053
366.0000,-46.1905
366.2500,-32.5702
366.5000,-23.5836
366.7500,-21.9841
367.0000,-19.7375
367.2500,-18.9255
367.5000,-7.0635
367.7500,34.7009
368.0000,55.4457
368.2500,47.0879
368.5000,49.2186
368.7500,22.8571
369.0000,-37.0452
369.2500,-54.3529
369.5000,-48.1929
369.7500,-34.0110
370.0000,-25.9768
370.2500,-20.6899
370.5000,-20.5861
370.7500,-20.4762
371.0000,-2.8449
371.2500,35.2015
371.5000,41.7033
371.7500,49.4139
372.0000,48.9133
372.2500,15.0061
372.5000,-34.0537
372.7500,-48.7973
373.0000,-44.4628
373.2500,-34.8596
373.5000,-24.5849
373.7500,-22.0330
374.0000,-20.7509
374.2500,-19.4261
374.5000,-15.3907
374.7500,10.6593
375.0000,38.8950
375.2500,39.6703
375.5000,34.0293
375.7500,4.0476
376.0000,-32.6984
376.2500,-42.8388
376.5000,-36.5873
376.7500,-28.2418
377.0000,-24.1880
377.2500,-20.2686
377.5000,-18.7912
377.7500,-8.3761
378.0000,26.3858
378.2500,45.0672
378.5000,38.6203
378.7500,37.5519
379.0000,15.3480
379.2500,-33.3028
379.5000,-46.5079
379.7500,-40.9158
380.0000,-32.0818
380.2500,-25.3358
380.5000,-19.9756
380.7500,-20.2076
381.0000,-19.1697
381.2500,-8.0830
381.5000,21.2149
381.7500,32.9915
382.0000,41.0928
382.2500,31.3858
382.5000,15.7570
382.7500,-17.1184
383.0000,-39.2063
383.2500,-44.6093
383.5000,-36.1661
383.7500,-26.0195
384.0000,-22.7778
384.2500,-19.7070
384.5000,-18.3578
384.7500,-19.4322
385.0000,-15.7143
385.2500,8.8217
385.5000,20.8242
385.7500,27.5519
386.0000,38.7607
386.2500,29.1819
386.5000,-1.8559
386.7500,-32.5031
387.0000,-42.8694
387.2500,-39.2857
387.5000,-28.9438
387.7500,-22.1123
388.0000,-20.5617
388.2500,-18.0098
388.5000,-17.7350
388.7500,-11.8987
389.0000,22.8266
389.2500,38.0586
389.5000,37.2100
389.7500,41.5751
390.0000,34.1270
390.2500,-18.7363
390.5000,-41.6789
390.7500,-43.7912
391.0000,-34.3529
391.2500,-26.8437
391.5000,-20.0672
391.7500,-19.1819
392.0000,-18.7851
392.2500,-16.8254
392.5000,4.7680
392.7500,25.7814
393.0000,40.1282
393.2500,47.1245
393.5000,37.1917
393.7500,22.8144
394.0000,-23.8278
394.2500,-42.8144
394.5000,-44.1758
394.7500,-34.9145
395.0000,-25.8181
395.2500,-22.3504
395.5000,-18.5470
395.7500,-17.9548
396.0000,-18.5104
396.2500,4.7009
396.5000,32.6557
396.7500,23.8095
397.0000,32.9670
397.2500,44.1575
397.5000,30.4457
397.7500,-18.3944
398.0000,-41.3431
398.2500,-42.9304
398.5000,-36.4164
398.7500,-25.9768
399.0000,-22.5824
399.2500,-19.5482
399.5000,-17.3687
399.7500,-17.4359
400.0000,11.7094
400.2500,41.9841
400.5000,37.2589
400.7500,38.3822
401.0000,40.9096
401.2500,-2.5214
401.5000,-39.9512
401.7500,-43.7912
402.0000,-35.9890
402.2500,-29.2308
402.5000,-21.6056
402.7500,-19.4383
403.0000,-19.1209
403.2500,-17.0269
403.5000,-12.4542
403.7500,8.6325
404.0000,47.3382
404.2500,58.3455
404.5000,41.8681
404.7500,75.7753
405.0000,160.7204
405.2500,45.9951
405.5000,-19.3468
405.7500,-31.1477
406.0000,-33.2051
406.2500,-31.2698
406.5000,-26.7399
406.7500,-26.2027
407.0000,-23.3639
407.2500,-22.1001
407.5000,-22.3138
407.7500,10.2686
408.0000,126.6484
408.2500,147.4054
408.5000,148.2234
408.7500,-2.7411
409.0000,-58.6569
409.2500,-49.8352
409.5000,-45.1893
409.7500,-49.2247
410.0000,-44.1758
410.2500,-43.2662
410.5000,-40.3724
410.7500,53.9621
411.0000,111.3919
411.2500,155.2869
411.5000,110.6227
411.7500,-44.9817
412.0000,-62.2161
412.2500,-69.6154
412.5000,-54.6886
412.7500,-59.7741
413.0000,-38.1746
413.2500,-26.2271
413.5000,-25.7937
413.7500,-27.0452
414.0000,-29.8230
414.2500,-30.5250
414.5000,-29.7863
414.7500,-29.1453
415.0000,-28.3455
415.2500,-26.4957
415.5000,-24.0659
415.7500,-9.6642
416.0000,0.7692
416.2500,2.6435
416.5000,1.5385
416.7500,-16.6422
417.0000,-32.0024
417.2500,-31.1905
417.5000,-27.3871
417.7500,-25.0061
418.0000,-22.2589
418.2500,-20.8486
418.5000,-22.1001
418.7500,-20.2869
419.0000,-19.8352
419.2500,-20.7143
419.5000,-20.3602
419.7500,-18.7851
420.0000,-19.0293
420.2500,-12.9731
420.5000,1.2332
420.7500,4.8474
421.0000,-0.4457
421.2500,-1.1172
421.5000,-3.6081
421.7500,-23.6996
422.0000,-31.3553
422.2500,-29.2796
422.5000,-24.5482
422.7500,-21.8193
423.0000,-18.3761
423.2500,-17.2100
423.5000,-18.1990
423.7500,-5.6044
424.0000,4.7192
424.2500,1.9719
424.5000,-0.4396
424.7500,-3.3944
425.0000,-6.5201
425.2500,-7.3138
425.5000,-25.9158
425.7500,-33.5958
426.0000,-29.3223
426.2500,-24.3712
426.5000,-18.0037
426.7500,-2.5214
427.0000,9.0415
427.2500,-3.4982
427.5000,-10.2320
427.7500,-13.7973
428.0000,-15.7387
428.2500,-15.8242
428.5000,-15.8242
428.7500,-10.4640
429.0000,-27.5580
429.2500,-30.5556
429.5000,-21.6545
429.7500,-11.3431
430.0000,17.3810
430.2500,-7.1795
430.5000,-13.9255
430.7500,-8.5287
431.0000,9.8718
431.2500,235.2381
431.5000,437.7350
431.7500,110.6288
432.0000,-42.1856
432.2500,-64.8718
432.5000,-64.6581
432.7500,-55.1893
433.0000,-43.6996
433.2500,-19.2308
433.5000,196.0379
433.7500,292.3382
434.0000,253.3028
434.2500,202.9060
434.5000,101.1050
434.7500,0.5800
435.0000,-61.4042
435.2500,-89.6032
435.5000,-84.8168
435.7500,-83.4493
436.0000,-79.5726
436.2500,-72.2894
436.5000,-65.2503
436.7500,-58.3883
437.0000,69.3407
437.2500,120.9646
437.5000,106.4591
437.7500,84.2308
438.0000,46.1355
438.2500,-23.8095
438.5000,-104.4567
438.7500,-112.7717
439.0000,-90.7814
439.2500,-57.4969
439.5000,-41.2882
439.7500,-34.9084
440.0000,-30.9829
440.2500,-30.1587
440.5000,-6.1783
440.7500,67.3748
441.0000,82.0208
441.2500,52.0208
441.5000,36.0562
441.7500,-42.8022
442.0000,-77.6374
442.2500,-67.9426
442.5000,-45.7937
442.7500,-34.2491
443.0000,-32.8083
443.2500,-30.8669
443.5000,-29.2613
443.7500,-27.7961
444.0000,-3.6264
444.2500,48.4371
444.5000,64.7314
444.7500,52.9731
445.0000,29.4017
445.2500,-47.3810
445.5000,-71.2393
445.7500,-60.5128
446.0000,-39.4933
446.2500,-31.9841
446.5000,-30.2015
446.7500,-27.5885
447.0000,-27.8327
447.2500,-28.7729
447.5000,-26.2088
447.7500,-25.2076
448.0000,-16.6300
448.2500,30.6105
448.5000,56.4652
448.7500,50.0733
449.0000,46.5568
449.2500,-8.1319
449.5000,-61.5263
449.7500,-65.3968
450.0000,-43.7912
450.2500,-31.5812
450.5000,-28.5226
450.7500,-25.7753
451.0000,-25.3602
451.2500,-26.0317
451.5000,-24.2552
451.7500,-21.3126
452.0000,-10.5983
452.2500,13.9316
452.5000,35.7082
452.7500,38.1563
453.0000,15.3419
453.2500,-34.0171
453.5000,-53.9621
453.7500,-47.5763
454.0000,-31.7827
454.2500,-24.0171
454.5000,-24.9145
454.7500,-24.2125
455.0000,-22.7900
455.2500,-22.4664
455.5000,-23.1685
455.7500,-21.4225
456.0000,-21.3553
456.2500,-22.7656
456.5000,-10.7937
456.7500,11.3126
457.0000,20.2015
457.2500,34.7802
457.5000,47.5336
457.7500,15.4823
458.0000,-39.1819
458.2500,-51.3187
458.5000,-42.3871
458.7500,-31.7460
459.0000,-23.0464
459.2500,-21.2821
459.5000,-22.5702
459.7500,-20.2808
460.0000,-17.4542
460.2500,-5.8669
460.5000,15.6838
460.7500,43.1685
461.0000,44.1087
461.2500,37.6984
461.5000,-10.5372
461.7500,-49.2857
462.0000,-52.7167
462.2500,-34.7985
462.5000,-25.0855
462.7500,-23.1624
463.0000,-20.1099
463.2500,-18.3639
463.5000,13.5043
463.7500,62.5336
464.0000,94.2857
464.2500,93.3211
464.5000,74.2552
464.7500,35.0122
465.0000,-47.4786
465.2500,-76.0562
465.5000,-59.3468
465.7500,-44.8352
466.0000,-31.4225
466.2500,-24.4933
466.5000,-23.4005
466.7500,23.8706
467.0000,61.9353
467.2500,68.5531
467.5000,66.8926
467.7500,71.2027
468.0000,49.4078
468.2500,-29.0354
468.5000,-71.8376
468.7500,-68.1380
469.0000,-52.7595
469.2500,-36.4103
469.5000,-27.7778
469.7500,-25.9463
470.0000,11.7033
470.2500,86.0623
470.5000,109.4444
470.7500,91.4164
471.0000,74.2491
471.2500,9.7497
471.5000,-69.8718
471.7500,-87.3748
472.0000,-65.2503
472.2500,-46.1905
472.5000,-32.3199
472.7500,-25.7082
473.0000,-26.0317
473.2500,-13.7668
473.5000,27.6313
473.7500,41.9536
474.0000,34.9634
474.2500,0.0427
474.5000,-43.4554
474.7500,-55.7631
475.0000,-38.6386
475.2500,-27.4359
475.5000,-25.8425
475.7500,-23.2662
476.0000,-21.9719
476.2500,-24.1514
476.5000,-15.0061
476.7500,13.3150
477.0000,28.6081
477.2500,25.7448
477.5000,30.4762
477.7500,18.4127
478.0000,-30.0000
478.2500,-54.7680
478.5000,-50.1160
478.7500,-36.2027
479.0000,-24.6520
479.2500,-22.2283
479.5000,-23.2173
479.7500,-20.5433
480.0000,-19.8657
480.2500,-21.4530
480.5000,-7.2650
480.7500,5.2381
481.0000,17.2772
481.2500,19.8596
481.5000,24.2125
481.7500,-8.0647
482.0000,-44.1392
482.2500,-46.6667
482.5000,-32.2711
482.7500,-24.7375
483.0000,-20.2442
483.2500,-18.7668
483.5000,-20.9280
483.7500,-18.7179
484.0000,-9.6459
484.2500,8.5592
484.5000,15.9646
484.7500,31.7033
485.0000,5.9402
485.2500,-32.2650
485.5000,-40.8364
485.7500,-29.8474
486.0000,-22.8022
486.2500,-20.1282
486.5000,-17.9915
486.7500,-17.9548
487.0000,-15.1587
487.2500,13.6935
487.5000,27.4847
487.7500,22.9915
488.0000,26.8559
488.2500,32.3260
488.5000,-0.0488
488.7500,-41.9536
489.0000,-51.6972
489.2500,-38.8400
489.5000,-26.0440
489.7500,-18.5775
490.0000,-17.9609
490.2500,-18.7790
490.5000,-16.7766
490.7500,-8.5348
491.0000,15.1770
491.2500,32.2222
491.5000,55.0794
491.7500,59.2186
492.0000,56.8071
492.2500,25.9524
492.5000,-42.4542
492.7500,-75.1770
493.0000,-59.9023
493.2500,-30.8242
493.5000,-21.6972
493.7500,-19.0476
494.0000,-17.3626
494.2500,-17.9487
494.5000,-13.9744
494.7500,30.5189
495.0000,53.4921
495.2500,53.1929
495.5000,59.7497
495.7500,49.9634
496.0000,13.8095
496.2500,-39.3712
496.5000,-62.9182
496.7500,-55.1099
497.0000,-37.0513
497.2500,-22.2527
497.5000,-21.0867
497.7500,-19.0842
498.0000,-17.4908
498.2500,-5.4029
498.5000,36.0012
498.7500,63.2723
499.0000,63.3272
499.2500,57.4847
499.5000,45.3785
499.7500,-34.5971
500.0000,-72.4847
500.2500,-59.2491
500.5000,-35.6960
500.7500,-25.2747
501.0000,-19.5604
501.2500,-19.0415
501.5000,-18.0586
501.7500,-0.0672
502.0000,42.4176
502.2500,59.5910
502.5000,70.0672
502.7500,71.7949
503.0000,79.7375
503.2500,12.7228
503.5000,-63.9194
503.7500,-79.9512
504.0000,-60.9280
504.2500,-39.8107
504.5000,-26.6361
504.7500,-21.3248
505.0000,2.6252
505.2500,57.8510
505.5000,93.9316
505.7500,84.6215
506.0000,72.7045
506.2500,14.2491
506.5000,-57.6801
506.7500,-82.1306
507.0000,-60.0611
507.2500,-36.9170
507.5000,-27.7106
507.7500,-23.0525
508.0000,-21.6422
508.2500,-19.3162
508.5000,5.6288
508.7500,47.4908
509.0000,62.3504
509.2500,49.4505
509.5000,21.9963
509.7500,-32.9915
510.0000,-58.2357
510.2500,-55.6166
510.5000,-38.2051
510.7500,-24.8840
511.0000,-23.2234
511.2500,-22.3504
511.5000,-20.5983
511.7500,-17.4054
512.0000,8.7912
512.2500,34.3956
512.5000,45.6899
512.7500,37.1245
513.0000,6.5140
513.2500,-33.3883
513.5000,-51.1783
513.7500,-45.4579
514.0000,-32.1795
514.2500,-22.3871
514.5000,-21.4896
514.7500,-19.5665
515.0000,6.4103
515.2500,31.7827
515.5000,31.4835
515.7500,29.5055
516.0000,19.5788
516.2500,-27.6801
516.5000,-49.7070
516.7500,-44.3590
517.0000,-31.5751
517.2500,-24.7436
517.5000,-20.0488
517.7500,-19.4872
518.0000,-20.4823
518.2500,-17.4359
518.5000,5.7265
518.7500,18.1868
519.0000,30.8303
519.2500,38.2112
519.5000,22.7350
519.7500,-15.6960
520.0000,-39.7497
520.2500,-46.2332
520.5000,-37.1306
520.7500,-24.0476
521.0000,-19.7070
521.2500,-20.5983
521.5000,-18.1258
521.7500,-16.4408
522.0000,-14.1636
522.2500,7.4664
522.5000,30.4579
522.7500,34.5726
523.0000,34.5971
523.2500,34.0110
523.5000,-0.9646
523.7500,-46.4164
524.0000,-54.9023
524.2500,-40.1099
524.5000,-27.2772
524.7500,-19.1819
525.0000,-18.1868
525.2500,-11.4896
525.5000,35.6532
525.7500,57.5153
526.0000,49.2369
526.2500,49.4078
526.5000,43.4921
526.7500,-26.8193
527.0000,-59.9817
527.2500,-53.9438
527.5000,-38.1013
527.7500,-26.5690
528.0000,-19.3895
528.2500,-19.4872
528.5000,-19.1209
528.7500,-4.8596
529.0000,33.7790
529.2500,44.7558
529.5000,58.7546
529.7500,60.0183
530.0000,39.9023
530.2500,-17.9121
530.5000,-58.5104
530.7500,-61.1905
531.0000,-44.0232
531.2500,-26.3675
531.5000,-22.8144
531.7500,-20.0733
532.0000,-17.8816
532.2500,-17.8755
532.5000,14.1697
532.7500,54.7070
533.0000,50.9035
533.2500,48.8523
533.5000,51.9231
533.7500,25.1648
534.0000,-42.8327
534.2500,-62.0147
534.5000,-52.2711
534.7500,-38.4615
535.0000,-24.5482
535.2500,-21.2943
535.5000,-20.7570
535.7500,-18.4005
536.0000,-7.7839
536.2500,16.1722
536.5000,40.5067
536.7500,52.5458
537.0000,47.1184
537.2500,41.2271
537.5000,8.1197
537.7500,-43.5592
538.0000,-62.1123
538.2500,-48.7912
538.5000,-32.9609
538.7500,-25.4457
539.0000,-20.8669
539.2500,-18.6020
539.5000,-20.0672
539.7500,-18.4676
540.0000,9.2918
540.2500,35.7937
540.5000,44.9695
540.7500,55.7082
541.0000,52.2100
541.2500,22.9121
541.5000,-38.4860
541.7500,-58.5287
542.0000,-51.0867
542.2500,-35.7937
542.5000,-23.7057
542.7500,-22.5214
543.0000,-19.9328
543.2500,-17.9853
543.5000,-19.8413
543.7500,-18.5897
544.0000,-17.9243
544.2500,-13.4493
544.5000,15.6166
544.7500,45.7021
545.0000,47.5519
545.2500,37.0696
545.5000,36.4530
545.7500,12.0696
546.0000,-43.6935
546.2500,-59.8535
546.5000,-49.4078
546.7500,-33.2540
547.0000,-23.7302
547.2500,-18.4615
547.5000,-18.8584
547.7500,1.8803
548.0000,152.3932
548.2500,211.0501
548.5000,148.8828
548.7500,126.4835
549.0000,-25.4335
549.2500,-71.4225
549.5000,-58.8156
549.7500,-59.7741
550.0000,-44.6398
550.2500,-33.0281
550.5000,-29.3773
550.7500,11.0867
551.0000,154.5971
551.2500,155.6532
551.5000,123.1807
551.7500,29.3956
552.0000,-56.4103
552.2500,-71.1722
552.5000,-63.6752
552.7500,-56.2454
553.0000,-37.6129
553.2500,29.6215
553.5000,178.4982
553.7500,176.8437
554.0000,94.5543
554.2500,-47.8449
554.5000,-72.5702
554.7500,-81.0195
555.0000,-61.8193
555.2500,-46.8864
555.5000,-30.5556
555.7500,68.5836
556.0000,124.2796
556.2500,89.2186
556.5000,11.5629
556.7500,-73.9316
557.0000,-89.9512
557.2500,-65.5983
557.5000,-46.2454
557.7500,-34.5849
558.0000,-31.2698
558.2500,-32.7717
558.5000,-28.7607
558.7500,-28.5714
559.0000,-20.6716
559.2500,12.0574
559.5000,17.5458
559.7500,-7.9487
560.0000,-39.9206
560.2500,-45.4701
560.5000,-37.7289
560.7500,-28.4615
561.0000,-27.1245
561.2500,-28.0098
561.5000,-25.5495
561.7500,-25.2198
562.0000,-24.2979
562.2500,0.1038
562.5000,-0.0366
562.7500,-31.2576
563.0000,-34.1819
563.2500,-26.6056
563.5000,-25.6410
563.7500,-24.7924
564.0000,-23.1502
564.2500,-23.3639
564.5000,-24.1575
564.7500,-21.7521
565.0000,-21.6239
565.2500,-22.7900
565.5000,-6.7277
565.7500,12.2833
566.0000,17.7106
566.2500,24.6947
566.5000,27.5702
566.7500,-16.0012
567.0000,-51.5079
567.2500,-48.4676
567.5000,-33.0525
567.7500,-25.4945
568.0000,-21.4774
568.2500,-20.0305
568.5000,-21.9902
568.7500,-14.6581
569.0000,22.1856
569.2500,33.8584
569.5000,32.5824
569.7500,27.8632
570.0000,13.6386
570.2500,-3.6630
570.5000,-15.5739
570.7500,-61.7460
571.0000,-51.4957
571.2500,-22.7534
571.5000,-21.5934
571.7500,-21.3980
572.0000,-20.9951
572.2500,-19.0476
572.5000,32.3138
572.7500,40.9035
573.0000,25.1648
573.2500,-5.3236
573.5000,-19.2796
573.7500,-17.6252
574.0000,-38.6508
574.2500,-58.9133
574.5000,-42.2466
574.7500,-27.4237
575.0000,-23.2784
575.2500,-19.2613
575.5000,26.5140
575.7500,30.6410
576.0000,14.0110
576.2500,-2.8144
576.5000,-1.9536
576.7500,4.8168
577.0000,-0.8913
577.2500,-34.9145
577.5000,-62.4237
577.7500,-41.3858
578.0000,-24.7680
578.2500,-20.5433
578.5000,-9.4078
578.7500,58.7851
579.0000,78.2051
579.2500,47.3260
579.5000,17.7350
579.7500,7.3321
580.0000,-1.1477
580.2500,-21.5995
580.5000,-67.9060
580.7500,-63.2967
581.0000,-37.8877
581.2500,-24.2247
581.5000,-20.5983
581.7500,-17.6068
582.0000,9.9267
582.2500,60.8059
582.5000,53.6508
582.7500,13.8584
583.0000,2.5702
583.2500,-0.4457
583.5000,-3.3761
583.7500,-19.8046
584.0000,-65.3907
584.2500,-56.3065
584.5000,-35.1832
584.7500,-23.0098
585.0000,-17.4054
585.2500,-18.6935
585.5000,5.9646
585.7500,56.1172
586.0000,28.1624
586.2500,10.6227
586.5000,-1.0501
586.7500,-2.7534
587.0000,-2.8877
587.2500,-18.8400
587.5000,-59.6886
587.7500,-51.1905
588.0000,-28.8523
588.2500,-19.5971
588.5000,-18.3578
588.7500,-15.8425
589.0000,22.3016
589.2500,63.0342
589.5000,38.4799
589.7500,5.9890
590.0000,0.3846
590.2500,-2.5458
590.5000,-5.3602
590.7500,-45.8791
591.0000,-55.7753
591.2500,-37.7411
591.5000,-24.7314
591.7500,-19.3407
592.0000,-15.9951
592.2500,-16.8315
592.5000,-1.9719
592.7500,58.2051
593.0000,45.4457
593.2500,27.4359
593.5000,9.2430
593.7500,-1.7705
594.0000,-3.7607
594.2500,-10.3358
594.5000,-52.7778
594.7500,-56.2698
595.0000,-36.7216
595.2500,-21.7033
595.5000,-19.1270
595.7500,-16.6667
596.0000,-14.8474
596.2500,-3.4005
596.5000,44.4567
596.7500,41.0562
597.0000,7.8083
597.2500,0.1832
597.5000,-0.2869
597.7500,-5.9829
598.0000,-22.6679
598.2500,-47.9121
598.5000,-42.2833
598.7500,-28.2845
599.0000,-18.4005
599.2500,-14.8962
599.5000,-16.2821
599.7500,19.4933
